Invoice_ID,Date,Branch,City,Category,Product,Quantity,Unit_Price,Discount,Sales,COGS,Profit,Payment_Method,Customer_Type,Rating
1,2025-04-19,C,Nashik,Food & Beverages,Bread,5,108.37,0.15,460.57,262.52,198.05,Cash,Member,4.4
2,2025-01-02,A,Aurangabad,Home & Lifestyle,Shampoo,1,667.14,0.1,600.43,411.61,188.82,Credit Card,Normal,4.0
3,2025-01-12,B,Pune,Electronics,USB Cable,4,735.91,0.05,2796.46,1926.36,870.1,UPI,Member,4.5
4,2025-02-28,B,Pune,Food & Beverages,Juice,5,295.41,0.0,1477.05,827.95,649.1,E-wallet,Member,4.9
5,2025-06-24,A,Aurangabad,Food & Beverages,Biscuits,5,175.09,0.05,831.68,591.67,240.01,Cash,Member,4.0
6,2025-01-15,C,Nashik,Home & Lifestyle,Shampoo,8,891.41,0.05,6774.72,5039.41,1735.3,Credit Card,Member,4.0
7,2025-06-14,B,Pune,Health & Beauty,Moisturizer,2,418.73,0.1,753.71,483.13,270.59,UPI,Member,5.0
8,2025-01-24,B,Pune,Home & Lifestyle,Shampoo,5,431.32,0.0,2156.6,1438.86,717.74,Cash,Member,4.5
9,2025-01-03,A,Aurangabad,Home & Lifestyle,Kitchen Set,2,568.63,0.15,966.67,723.05,243.62,Cash,Normal,3.8
10,2025-02-15,C,Nashik,Electronics,Headphones,5,4782.93,0.05,22718.92,17573.86,5145.06,Cash,Normal,4.4
11,2025-05-06,C,Nashik,Home & Lifestyle,Shampoo,6,522.29,0.0,3133.74,2155.25,978.49,Cash,Member,3.8
12,2025-05-17,B,Pune,Electronics,USB Cable,1,670.16,0.0,670.16,519.33,150.83,Credit Card,Member,3.8
13,2025-06-26,C,Nashik,Health & Beauty,Hand Wash,3,301.45,0.15,768.7,556.31,212.38,Credit Card,Normal,4.2
14,2025-01-02,B,Pune,Electronics,Mouse,8,1889.0,0.0,15112.0,10356.88,4755.12,Cash,Member,3.0
15,2025-05-27,A,Aurangabad,Food & Beverages,Bread,6,52.67,0.0,316.02,226.39,89.63,UPI,Member,3.2
16,2025-06-15,B,Pune,Health & Beauty,Toothpaste,2,592.41,0.0,1184.82,835.15,349.67,Cash,Member,3.8
17,2025-01-20,B,Pune,Electronics,Headphones,4,958.86,0.1,3451.9,2096.87,1355.02,UPI,Member,3.5
18,2025-01-01,A,Aurangabad,Food & Beverages,Bread,4,83.22,0.0,332.88,195.69,137.19,UPI,Normal,4.3
19,2025-03-22,B,Pune,Electronics,Mouse,8,4852.93,0.15,32999.92,18612.63,14387.3,Cash,Member,3.6
20,2025-03-02,C,Nashik,Health & Beauty,Hand Wash,3,138.11,0.0,414.33,292.23,122.1,UPI,Member,3.3
21,2025-03-22,C,Nashik,Home & Lifestyle,Towel,1,423.76,0.05,402.57,240.33,162.24,Credit Card,Normal,4.9
22,2025-01-19,B,Pune,Home & Lifestyle,Soap,8,696.53,0.15,4736.4,3690.14,1046.26,Credit Card,Normal,4.0
23,2025-06-17,A,Aurangabad,Electronics,Headphones,4,4218.6,0.15,14343.24,11134.46,3208.78,Cash,Normal,4.1
24,2025-03-29,C,Nashik,Food & Beverages,Milk,5,66.94,0.15,284.5,170.25,114.24,Credit Card,Normal,3.3
25,2025-03-09,C,Nashik,Health & Beauty,Moisturizer,1,64.04,0.0,64.04,44.61,19.43,Credit Card,Normal,3.8
26,2025-05-30,C,Nashik,Health & Beauty,Hand Wash,1,229.92,0.0,229.92,170.59,59.33,Credit Card,Normal,4.2
27,2025-06-20,A,Aurangabad,Food & Beverages,Rice,6,317.67,0.0,1906.02,1347.32,558.7,Cash,Normal,3.5
28,2025-01-07,C,Nashik,Health & Beauty,Hand Wash,3,971.87,0.0,2915.61,2194.65,720.96,Credit Card,Normal,4.3
29,2025-04-28,B,Pune,Home & Lifestyle,Soap,3,168.64,0.0,505.92,301.48,204.44,E-wallet,Normal,3.8
30,2025-04-13,A,Aurangabad,Home & Lifestyle,Detergent,4,308.45,0.05,1172.11,817.59,354.52,E-wallet,Member,3.9
31,2025-05-11,A,Aurangabad,Electronics,USB Cable,5,1924.73,0.1,8661.28,5971.33,2689.95,Cash,Normal,3.8
32,2025-01-18,C,Nashik,Home & Lifestyle,Soap,1,81.39,0.0,81.39,51.58,29.81,E-wallet,Normal,5.0
33,2025-04-08,C,Nashik,Food & Beverages,Rice,5,243.41,0.0,1217.05,787.07,429.98,Credit Card,Normal,4.1
34,2025-02-24,B,Pune,Food & Beverages,Rice,5,97.26,0.1,437.67,285.23,152.44,UPI,Member,3.5
35,2025-01-12,C,Nashik,Food & Beverages,Rice,6,59.88,0.0,359.28,209.78,149.5,Credit Card,Normal,4.6
36,2025-06-17,C,Nashik,Food & Beverages,Biscuits,7,313.56,0.1,1975.43,1197.34,778.09,Cash,Member,3.4
37,2025-05-24,B,Pune,Home & Lifestyle,Shampoo,8,284.34,0.1,2047.25,1440.33,606.92,E-wallet,Normal,4.2
38,2025-03-12,C,Nashik,Health & Beauty,Hand Wash,8,355.48,0.0,2843.84,2113.45,730.39,UPI,Member,3.0
39,2025-06-27,B,Pune,Health & Beauty,Face Wash,5,151.86,0.0,759.3,458.0,301.3,Credit Card,Member,3.4
40,2025-01-06,A,Aurangabad,Health & Beauty,Perfume,6,538.96,0.15,2748.7,2109.88,638.81,UPI,Normal,4.2
41,2025-02-26,A,Aurangabad,Electronics,Power Bank,7,2269.4,0.15,13502.93,9910.74,3592.19,UPI,Member,4.5
42,2025-06-09,B,Pune,Health & Beauty,Perfume,1,885.57,0.1,797.01,606.92,190.09,Cash,Normal,4.2
43,2025-03-28,C,Nashik,Food & Beverages,Bread,7,73.42,0.0,513.94,336.42,177.52,UPI,Normal,4.0
44,2025-06-16,B,Pune,Electronics,Headphones,8,4999.57,0.0,39996.56,29184.83,10811.73,Cash,Member,3.9
45,2025-04-05,A,Aurangabad,Home & Lifestyle,Detergent,3,468.32,0.1,1264.46,898.88,365.59,Credit Card,Member,3.3
46,2025-06-26,A,Aurangabad,Electronics,Headphones,1,4567.72,0.0,4567.72,2592.09,1975.63,Credit Card,Member,3.7
47,2025-06-15,C,Nashik,Electronics,Keyboard,2,493.02,0.05,936.74,530.06,406.68,E-wallet,Member,3.8
48,2025-05-14,B,Pune,Health & Beauty,Face Wash,7,866.33,0.1,5457.88,3222.94,2234.94,E-wallet,Normal,4.7
49,2025-04-29,B,Pune,Health & Beauty,Hand Wash,5,377.98,0.1,1700.91,1030.9,670.01,UPI,Normal,4.3
50,2025-03-12,A,Aurangabad,Health & Beauty,Moisturizer,3,378.81,0.15,965.97,687.06,278.9,Cash,Member,3.1
51,2025-01-24,A,Aurangabad,Home & Lifestyle,Kitchen Set,8,277.07,0.1,1994.9,1461.02,533.89,E-wallet,Member,4.3
52,2025-04-27,B,Pune,Home & Lifestyle,Soap,6,515.36,0.05,2937.55,1853.35,1084.2,E-wallet,Normal,3.9
53,2025-05-04,B,Pune,Home & Lifestyle,Detergent,4,689.16,0.0,2756.64,1653.35,1103.29,E-wallet,Normal,3.7
54,2025-05-22,A,Aurangabad,Home & Lifestyle,Soap,4,327.86,0.0,1311.44,1015.17,296.27,E-wallet,Member,4.4
55,2025-05-03,C,Nashik,Health & Beauty,Face Wash,1,270.17,0.0,270.17,164.28,105.89,Cash,Member,4.7
56,2025-04-17,B,Pune,Health & Beauty,Face Wash,1,157.11,0.0,157.11,90.69,66.42,Credit Card,Normal,4.6
57,2025-03-09,B,Pune,Health & Beauty,Moisturizer,7,903.7,0.0,6325.9,4389.34,1936.56,Cash,Member,3.6
58,2025-06-30,A,Aurangabad,Home & Lifestyle,Towel,2,414.98,0.0,829.96,500.66,329.3,E-wallet,Normal,3.9
59,2025-02-12,A,Aurangabad,Home & Lifestyle,Soap,4,526.54,0.0,2106.16,1192.98,913.18,E-wallet,Normal,4.3
60,2025-04-21,B,Pune,Food & Beverages,Biscuits,5,253.91,0.0,1269.55,872.88,396.67,E-wallet,Normal,4.6
61,2025-06-16,A,Aurangabad,Food & Beverages,Milk,1,349.86,0.0,349.86,230.28,119.58,UPI,Normal,3.8
62,2025-06-27,A,Aurangabad,Health & Beauty,Perfume,2,179.24,0.0,358.48,224.36,134.12,UPI,Normal,4.0
63,2025-01-01,C,Nashik,Health & Beauty,Hand Wash,1,1166.01,0.1,1049.41,785.93,263.48,UPI,Normal,3.5
64,2025-03-15,A,Aurangabad,Home & Lifestyle,Towel,6,488.76,0.05,2785.93,1884.18,901.75,UPI,Normal,3.4
65,2025-01-30,A,Aurangabad,Food & Beverages,Juice,4,257.13,0.0,1028.52,800.41,228.11,UPI,Member,4.5
66,2025-02-07,C,Nashik,Home & Lifestyle,Kitchen Set,5,304.21,0.0,1521.05,996.38,524.67,UPI,Member,4.8
67,2025-03-14,C,Nashik,Home & Lifestyle,Detergent,5,780.62,0.05,3707.94,2739.16,968.79,E-wallet,Normal,4.1
68,2025-06-28,A,Aurangabad,Health & Beauty,Hand Wash,8,579.09,0.05,4401.08,3300.85,1100.23,Credit Card,Normal,4.7
69,2025-01-10,A,Aurangabad,Health & Beauty,Face Wash,6,500.13,0.0,3000.78,1992.29,1008.49,Credit Card,Normal,4.3
70,2025-03-09,A,Aurangabad,Health & Beauty,Face Wash,8,1165.75,0.0,9326.0,6136.35,3189.65,E-wallet,Normal,3.7
71,2025-01-18,C,Nashik,Food & Beverages,Rice,7,335.32,0.15,1995.15,1113.81,881.35,Credit Card,Normal,4.3
72,2025-01-12,A,Aurangabad,Food & Beverages,Biscuits,2,273.32,0.05,519.31,393.53,125.78,E-wallet,Member,4.9
73,2025-06-06,B,Pune,Electronics,Power Bank,7,2959.86,0.0,20719.02,12229.73,8489.29,UPI,Member,4.1
74,2025-06-23,B,Pune,Home & Lifestyle,Shampoo,8,456.85,0.1,3289.32,2490.93,798.39,Credit Card,Member,5.0
75,2025-05-04,B,Pune,Electronics,Keyboard,5,1475.46,0.0,7377.3,5753.23,1624.07,Cash,Member,2.7
76,2025-06-25,B,Pune,Electronics,Keyboard,5,4896.34,0.05,23257.62,12835.01,10422.61,Cash,Normal,4.6
77,2025-06-10,B,Pune,Home & Lifestyle,Towel,6,235.91,0.0,1415.46,983.03,432.43,Cash,Normal,4.1
78,2025-05-19,B,Pune,Food & Beverages,Juice,6,264.36,0.0,1586.16,945.64,640.52,E-wallet,Normal,3.9
79,2025-02-27,A,Aurangabad,Electronics,Mouse,5,841.3,0.0,4206.5,3043.21,1163.29,UPI,Normal,4.2
80,2025-06-13,A,Aurangabad,Health & Beauty,Face Wash,5,826.47,0.15,3512.5,2239.69,1272.8,E-wallet,Member,3.0
81,2025-04-29,C,Nashik,Home & Lifestyle,Kitchen Set,1,853.4,0.0,853.4,594.09,259.31,E-wallet,Normal,4.0
82,2025-04-05,A,Aurangabad,Home & Lifestyle,Detergent,1,483.95,0.0,483.95,309.43,174.52,UPI,Member,4.3
83,2025-04-03,B,Pune,Food & Beverages,Biscuits,7,330.5,0.1,2082.15,1600.4,481.75,Cash,Normal,4.9
84,2025-06-14,C,Nashik,Electronics,Headphones,7,4760.35,0.0,33322.45,23406.92,9915.53,Cash,Member,3.8
85,2025-02-07,B,Pune,Home & Lifestyle,Shampoo,4,707.43,0.0,2829.72,1770.18,1059.54,Cash,Normal,3.7
86,2025-03-02,A,Aurangabad,Home & Lifestyle,Towel,5,170.14,0.05,808.16,591.33,216.83,E-wallet,Member,3.8
87,2025-01-28,A,Aurangabad,Electronics,Headphones,3,3804.63,0.05,10843.2,7243.74,3599.46,UPI,Member,4.6
88,2025-01-28,C,Nashik,Food & Beverages,Juice,5,176.57,0.1,794.56,514.91,279.65,UPI,Normal,4.3
89,2025-06-02,A,Aurangabad,Food & Beverages,Rice,3,51.02,0.05,145.41,92.71,52.69,E-wallet,Normal,3.8
90,2025-02-28,C,Nashik,Health & Beauty,Face Wash,2,881.76,0.0,1763.52,1144.38,619.14,UPI,Normal,4.4
91,2025-01-22,B,Pune,Health & Beauty,Perfume,2,1147.1,0.1,2064.78,1167.51,897.27,Cash,Normal,4.2
92,2025-04-19,A,Aurangabad,Electronics,USB Cable,1,1849.34,0.05,1756.87,1319.29,437.58,Cash,Normal,4.6
93,2025-05-23,C,Nashik,Electronics,Power Bank,2,3386.66,0.0,6773.32,4270.76,2502.56,E-wallet,Member,3.7
94,2025-03-21,B,Pune,Home & Lifestyle,Kitchen Set,1,619.42,0.05,588.45,418.75,169.7,E-wallet,Normal,3.9
95,2025-04-18,A,Aurangabad,Home & Lifestyle,Shampoo,7,687.59,0.15,4091.16,2452.57,1638.59,UPI,Normal,3.9
96,2025-01-13,A,Aurangabad,Electronics,Power Bank,6,699.3,0.0,4195.8,3035.75,1160.05,Cash,Normal,3.3
97,2025-06-23,B,Pune,Health & Beauty,Perfume,8,453.5,0.0,3628.0,2231.75,1396.25,UPI,Normal,4.3
98,2025-01-31,A,Aurangabad,Home & Lifestyle,Kitchen Set,1,327.16,0.05,310.8,191.63,119.17,Cash,Normal,4.2
99,2025-01-11,C,Nashik,Health & Beauty,Toothpaste,3,1010.02,0.05,2878.56,1630.93,1247.63,UPI,Member,4.1
100,2025-02-13,B,Pune,Food & Beverages,Rice,7,213.49,0.0,1494.43,1154.04,340.39,UPI,Normal,4.0
101,2025-02-13,A,Aurangabad,Health & Beauty,Face Wash,4,1052.4,0.05,3999.12,2403.32,1595.8,Cash,Member,3.3
102,2025-02-14,C,Nashik,Home & Lifestyle,Soap,6,751.54,0.0,4509.24,2745.55,1763.69,Credit Card,Member,3.9
103,2025-06-10,A,Aurangabad,Health & Beauty,Perfume,8,1184.65,0.05,9003.34,6741.49,2261.85,E-wallet,Member,3.9
104,2025-04-26,B,Pune,Food & Beverages,Biscuits,8,232.04,0.0,1856.32,1153.51,702.81,Cash,Member,3.7
105,2025-05-27,B,Pune,Electronics,Headphones,2,2474.74,0.0,4949.48,3234.18,1715.3,Credit Card,Normal,4.0
106,2025-02-14,C,Nashik,Health & Beauty,Hand Wash,3,1014.61,0.0,3043.83,2027.33,1016.5,Cash,Member,4.3
107,2025-06-11,C,Nashik,Health & Beauty,Perfume,3,942.89,0.15,2404.37,1351.36,1053.01,E-wallet,Member,5.0
108,2025-05-30,B,Pune,Food & Beverages,Juice,7,120.93,0.0,846.51,530.49,316.02,Credit Card,Normal,4.2
109,2025-06-21,B,Pune,Health & Beauty,Toothpaste,2,987.03,0.15,1677.95,958.94,719.01,UPI,Normal,4.2
110,2025-03-17,A,Aurangabad,Electronics,Power Bank,3,3900.93,0.0,11702.79,6853.59,4849.2,Cash,Member,4.1
111,2025-02-12,C,Nashik,Electronics,Keyboard,3,1149.98,0.15,2932.45,2158.52,773.93,UPI,Member,3.0
112,2025-05-01,B,Pune,Electronics,USB Cable,8,3983.86,0.0,31870.88,19797.48,12073.4,Credit Card,Normal,4.1
113,2025-02-05,C,Nashik,Health & Beauty,Perfume,5,244.75,0.0,1223.75,898.59,325.16,E-wallet,Member,4.1
114,2025-05-12,C,Nashik,Health & Beauty,Moisturizer,2,155.62,0.0,311.24,190.71,120.53,Credit Card,Normal,5.0
115,2025-04-06,A,Aurangabad,Home & Lifestyle,Kitchen Set,6,420.22,0.1,2269.19,1767.11,502.08,Credit Card,Member,4.0
116,2025-05-01,B,Pune,Food & Beverages,Rice,3,74.03,0.0,222.09,160.91,61.18,UPI,Member,4.3
117,2025-03-02,A,Aurangabad,Food & Beverages,Rice,4,297.19,0.0,1188.76,866.04,322.72,E-wallet,Member,4.1
118,2025-02-06,A,Aurangabad,Home & Lifestyle,Kitchen Set,8,766.08,0.15,5209.34,3554.13,1655.21,E-wallet,Normal,3.5
119,2025-05-10,A,Aurangabad,Electronics,USB Cable,7,2760.38,0.15,16424.26,11088.66,5335.6,Cash,Normal,4.7
120,2025-03-27,B,Pune,Food & Beverages,Biscuits,6,111.17,0.0,667.02,485.22,181.8,Credit Card,Member,4.5
121,2025-02-21,B,Pune,Electronics,USB Cable,8,1156.71,0.1,8328.31,4651.41,3676.9,Cash,Member,4.5
122,2025-01-13,A,Aurangabad,Electronics,Power Bank,7,1490.57,0.0,10433.99,6425.31,4008.68,E-wallet,Normal,3.6
123,2025-04-05,A,Aurangabad,Electronics,Mouse,7,2117.23,0.1,13338.55,9459.38,3879.17,E-wallet,Member,4.9
124,2025-03-17,C,Nashik,Health & Beauty,Face Wash,7,426.18,0.0,2983.26,1865.8,1117.46,E-wallet,Normal,3.3
125,2025-01-15,C,Nashik,Health & Beauty,Toothpaste,8,461.92,0.1,3325.82,2039.22,1286.6,Cash,Normal,4.4
126,2025-04-04,B,Pune,Home & Lifestyle,Detergent,3,636.03,0.0,1908.09,1391.11,516.98,E-wallet,Normal,5.0
127,2025-04-04,C,Nashik,Food & Beverages,Juice,3,247.3,0.15,630.62,366.81,263.81,UPI,Normal,3.6
128,2025-03-08,C,Nashik,Electronics,USB Cable,2,2733.4,0.0,5466.8,3335.89,2130.91,UPI,Member,3.8
129,2025-06-24,C,Nashik,Electronics,Mouse,4,2424.6,0.1,8728.56,6802.78,1925.78,E-wallet,Normal,4.2
130,2025-05-11,C,Nashik,Food & Beverages,Juice,5,315.23,0.0,1576.15,1154.61,421.54,Credit Card,Member,3.8
131,2025-01-23,A,Aurangabad,Home & Lifestyle,Shampoo,8,534.3,0.15,3633.24,2106.72,1526.52,Cash,Normal,3.2
132,2025-06-24,B,Pune,Health & Beauty,Hand Wash,7,1168.51,0.0,8179.57,5345.3,2834.27,E-wallet,Member,4.1
133,2025-03-24,C,Nashik,Home & Lifestyle,Shampoo,7,791.93,0.05,5266.33,3095.93,2170.41,Credit Card,Normal,3.5
134,2025-05-09,C,Nashik,Electronics,Headphones,5,1589.92,0.15,6757.16,4545.54,2211.62,Credit Card,Member,4.4
135,2025-02-23,A,Aurangabad,Electronics,Keyboard,1,513.67,0.15,436.62,266.72,169.9,UPI,Member,3.6
136,2025-04-17,B,Pune,Electronics,Power Bank,8,2208.63,0.0,17669.04,10360.39,7308.65,UPI,Normal,5.0
137,2025-04-05,A,Aurangabad,Electronics,Keyboard,3,3750.74,0.1,10127.0,5874.43,4252.57,Cash,Normal,3.7
138,2025-02-10,A,Aurangabad,Health & Beauty,Face Wash,5,1137.74,0.15,4835.39,3124.49,1710.9,E-wallet,Normal,3.9
139,2025-03-03,A,Aurangabad,Home & Lifestyle,Kitchen Set,8,333.0,0.15,2264.4,1483.55,780.85,Credit Card,Normal,4.5
140,2025-04-21,A,Aurangabad,Food & Beverages,Rice,8,221.21,0.0,1769.68,1318.15,451.53,Credit Card,Normal,3.4
141,2025-05-10,C,Nashik,Electronics,Mouse,6,2940.54,0.05,16761.08,9502.06,7259.02,UPI,Normal,4.2
142,2025-05-11,C,Nashik,Food & Beverages,Milk,2,156.05,0.0,312.1,185.94,126.16,UPI,Member,4.8
143,2025-06-06,A,Aurangabad,Food & Beverages,Milk,6,287.27,0.0,1723.62,1078.01,645.61,E-wallet,Member,3.2
144,2025-04-05,B,Pune,Electronics,Keyboard,6,2602.28,0.1,14052.31,10365.3,3687.01,E-wallet,Member,4.2
145,2025-05-30,B,Pune,Electronics,Headphones,8,4868.67,0.0,38949.36,27884.7,11064.66,UPI,Member,4.2
146,2025-04-16,C,Nashik,Health & Beauty,Toothpaste,4,81.59,0.05,310.04,200.39,109.66,Credit Card,Normal,4.5
147,2025-02-14,C,Nashik,Health & Beauty,Face Wash,3,605.34,0.1,1634.42,1016.87,617.54,UPI,Normal,3.4
148,2025-06-30,C,Nashik,Electronics,Power Bank,8,2923.01,0.05,22214.88,16158.44,6056.44,Credit Card,Normal,3.4
149,2025-02-07,B,Pune,Health & Beauty,Moisturizer,5,1081.17,0.1,4865.27,3591.67,1273.6,E-wallet,Member,4.4
150,2025-06-28,B,Pune,Food & Beverages,Rice,8,239.91,0.05,1823.32,1394.1,429.22,E-wallet,Member,4.3
151,2025-05-01,A,Aurangabad,Home & Lifestyle,Shampoo,1,515.45,0.1,463.91,290.39,173.52,Cash,Member,4.2
152,2025-01-23,A,Aurangabad,Home & Lifestyle,Kitchen Set,8,243.55,0.0,1948.4,1478.5,469.9,Credit Card,Member,4.3
153,2025-01-03,A,Aurangabad,Health & Beauty,Toothpaste,1,1127.73,0.05,1071.34,805.28,266.07,E-wallet,Member,3.7
154,2025-04-28,B,Pune,Electronics,Mouse,8,2669.8,0.0,21358.4,13371.58,7986.82,E-wallet,Member,4.2
155,2025-04-13,A,Aurangabad,Electronics,Power Bank,4,4516.1,0.15,15354.74,9603.21,5751.53,Cash,Member,4.3
156,2025-05-27,A,Aurangabad,Health & Beauty,Moisturizer,4,364.37,0.05,1384.61,857.69,526.92,Cash,Normal,3.7
157,2025-06-13,C,Nashik,Electronics,USB Cable,1,1050.67,0.05,998.14,707.45,290.69,E-wallet,Normal,5.0
158,2025-05-18,C,Nashik,Home & Lifestyle,Shampoo,3,453.08,0.15,1155.35,878.0,277.35,Credit Card,Member,4.4
159,2025-02-21,C,Nashik,Food & Beverages,Juice,8,199.02,0.15,1353.34,1025.37,327.96,Credit Card,Member,3.4
160,2025-05-12,B,Pune,Health & Beauty,Face Wash,4,567.85,0.0,2271.4,1486.15,785.25,UPI,Normal,4.5
161,2025-05-29,C,Nashik,Food & Beverages,Juice,8,245.29,0.0,1962.32,1415.88,546.44,Cash,Member,3.6
162,2025-02-04,B,Pune,Electronics,Headphones,1,4688.75,0.1,4219.88,2495.62,1724.26,UPI,Normal,4.5
163,2025-05-18,B,Pune,Health & Beauty,Perfume,7,211.61,0.05,1407.21,812.36,594.85,UPI,Member,4.7
164,2025-03-05,C,Nashik,Home & Lifestyle,Detergent,1,459.66,0.1,413.69,305.87,107.82,UPI,Normal,3.6
165,2025-01-18,A,Aurangabad,Electronics,USB Cable,2,3190.14,0.0,6380.28,3862.32,2517.96,Cash,Member,4.6
166,2025-03-16,B,Pune,Food & Beverages,Milk,1,158.72,0.0,158.72,92.41,66.31,Credit Card,Normal,4.3
167,2025-06-01,C,Nashik,Electronics,USB Cable,5,2749.88,0.05,13061.93,7367.19,5694.74,Credit Card,Normal,4.6
168,2025-03-18,C,Nashik,Health & Beauty,Face Wash,6,423.36,0.1,2286.14,1472.05,814.1,UPI,Member,5.0
169,2025-04-17,C,Nashik,Health & Beauty,Toothpaste,4,1102.8,0.15,3749.52,2418.12,1331.4,Credit Card,Normal,4.0
170,2025-04-07,A,Aurangabad,Electronics,USB Cable,6,4281.53,0.0,25689.18,14433.55,11255.63,Cash,Member,3.7
171,2025-01-31,A,Aurangabad,Home & Lifestyle,Kitchen Set,4,353.03,0.0,1412.12,1089.14,322.98,UPI,Member,3.6
172,2025-04-03,C,Nashik,Home & Lifestyle,Kitchen Set,4,715.92,0.05,2720.5,1689.26,1031.24,UPI,Normal,3.7
173,2025-05-22,A,Aurangabad,Health & Beauty,Moisturizer,4,312.25,0.0,1249.0,691.61,557.39,UPI,Normal,4.1
174,2025-05-06,A,Aurangabad,Home & Lifestyle,Soap,4,763.36,0.05,2900.77,1767.1,1133.66,UPI,Normal,4.3
175,2025-01-20,A,Aurangabad,Electronics,USB Cable,3,4609.43,0.0,13828.29,9271.97,4556.32,Cash,Member,4.3
176,2025-06-07,B,Pune,Home & Lifestyle,Shampoo,2,87.5,0.15,148.75,103.63,45.12,UPI,Normal,4.6
177,2025-06-28,A,Aurangabad,Food & Beverages,Juice,7,33.79,0.0,236.53,157.41,79.12,UPI,Member,4.1
178,2025-04-14,A,Aurangabad,Food & Beverages,Juice,3,107.11,0.1,289.2,164.31,124.88,UPI,Member,4.9
179,2025-05-02,C,Nashik,Home & Lifestyle,Soap,2,783.74,0.1,1410.73,898.28,512.45,Cash,Member,4.0
180,2025-01-11,C,Nashik,Home & Lifestyle,Detergent,8,608.82,0.0,4870.56,3681.18,1189.38,Credit Card,Member,5.0
181,2025-03-22,C,Nashik,Health & Beauty,Moisturizer,1,679.05,0.0,679.05,401.49,277.56,Cash,Member,4.4
182,2025-02-05,C,Nashik,Home & Lifestyle,Kitchen Set,2,542.45,0.15,922.17,577.55,344.62,Cash,Normal,3.6
183,2025-03-25,A,Aurangabad,Food & Beverages,Biscuits,4,298.38,0.1,1074.17,830.17,244.0,Cash,Normal,3.5
184,2025-06-08,B,Pune,Health & Beauty,Toothpaste,6,727.9,0.1,3930.66,2239.33,1691.33,E-wallet,Member,4.4
185,2025-01-24,C,Nashik,Food & Beverages,Bread,5,79.35,0.05,376.91,238.57,138.34,Cash,Normal,4.0
186,2025-01-23,B,Pune,Electronics,Power Bank,2,2409.57,0.1,4337.23,2488.52,1848.71,E-wallet,Member,4.5
187,2025-02-13,C,Nashik,Electronics,Mouse,1,698.09,0.0,698.09,475.78,222.31,UPI,Member,4.4
188,2025-04-03,A,Aurangabad,Electronics,Power Bank,5,2342.98,0.1,10543.41,7696.83,2846.58,E-wallet,Member,4.1
189,2025-03-26,C,Nashik,Health & Beauty,Hand Wash,4,511.09,0.15,1737.71,1107.57,630.14,UPI,Normal,3.6
190,2025-03-16,B,Pune,Home & Lifestyle,Soap,6,650.14,0.1,3510.76,2713.14,797.62,UPI,Member,3.3
191,2025-05-21,B,Pune,Health & Beauty,Moisturizer,7,1196.88,0.0,8378.16,5921.63,2456.53,Cash,Normal,3.9
192,2025-03-19,C,Nashik,Home & Lifestyle,Kitchen Set,5,136.71,0.1,615.2,358.05,257.14,Credit Card,Normal,4.6
193,2025-06-27,C,Nashik,Home & Lifestyle,Kitchen Set,7,892.37,0.15,5309.6,4048.06,1261.54,UPI,Member,4.2
194,2025-03-26,B,Pune,Food & Beverages,Bread,4,240.43,0.1,865.55,668.52,197.03,UPI,Member,3.4
195,2025-04-29,A,Aurangabad,Food & Beverages,Rice,4,193.42,0.1,696.31,442.89,253.42,Credit Card,Normal,4.2
196,2025-03-29,A,Aurangabad,Health & Beauty,Face Wash,5,1132.37,0.0,5661.85,3567.62,2094.23,UPI,Member,4.3
197,2025-01-30,C,Nashik,Health & Beauty,Moisturizer,8,136.58,0.0,1092.64,804.56,288.08,Cash,Normal,3.6
198,2025-04-14,C,Nashik,Food & Beverages,Milk,4,195.12,0.1,702.43,423.8,278.64,Credit Card,Member,4.2
199,2025-02-22,C,Nashik,Health & Beauty,Perfume,1,549.69,0.0,549.69,391.43,158.26,E-wallet,Member,4.1
200,2025-06-13,C,Nashik,Food & Beverages,Juice,3,147.05,0.1,397.04,266.56,130.48,E-wallet,Normal,3.5
201,2025-06-01,C,Nashik,Health & Beauty,Hand Wash,2,987.66,0.05,1876.55,1428.61,447.94,Cash,Member,4.3
202,2025-04-09,B,Pune,Food & Beverages,Milk,5,67.42,0.15,286.54,166.68,119.85,UPI,Member,4.4
203,2025-01-03,B,Pune,Home & Lifestyle,Towel,3,195.04,0.0,585.12,438.3,146.82,UPI,Member,4.7
204,2025-01-08,A,Aurangabad,Health & Beauty,Hand Wash,8,565.99,0.0,4527.92,2576.45,1951.47,Credit Card,Normal,4.7
205,2025-05-27,A,Aurangabad,Electronics,USB Cable,5,3789.84,0.15,16106.82,10751.07,5355.75,Cash,Normal,3.3
206,2025-01-09,C,Nashik,Electronics,Keyboard,1,1327.15,0.0,1327.15,820.81,506.34,UPI,Normal,3.6
207,2025-06-06,B,Pune,Food & Beverages,Biscuits,2,278.2,0.05,528.58,395.4,133.18,UPI,Member,4.4
208,2025-06-30,C,Nashik,Home & Lifestyle,Shampoo,4,547.46,0.0,2189.84,1367.42,822.42,E-wallet,Normal,4.4
209,2025-02-02,C,Nashik,Electronics,Keyboard,2,2234.5,0.05,4245.55,3181.7,1063.85,Credit Card,Member,4.4
210,2025-01-24,A,Aurangabad,Electronics,USB Cable,7,1562.97,0.1,9846.71,5586.72,4259.99,UPI,Normal,5.0
211,2025-06-28,C,Nashik,Electronics,Mouse,8,3938.44,0.1,28356.77,19736.69,8620.08,E-wallet,Member,4.4
212,2025-05-25,C,Nashik,Health & Beauty,Toothpaste,7,383.3,0.15,2280.63,1557.5,723.13,UPI,Normal,4.7
213,2025-01-01,C,Nashik,Food & Beverages,Bread,2,230.38,0.0,460.76,300.18,160.58,UPI,Member,4.6
214,2025-06-16,C,Nashik,Home & Lifestyle,Soap,3,798.81,0.0,2396.43,1522.99,873.44,Credit Card,Member,4.5
215,2025-05-13,B,Pune,Electronics,USB Cable,7,305.11,0.0,2135.77,1466.3,669.47,UPI,Member,3.9
216,2025-04-05,A,Aurangabad,Electronics,Headphones,7,1376.05,0.0,9632.35,5526.43,4105.92,E-wallet,Member,4.5
217,2025-02-08,B,Pune,Home & Lifestyle,Shampoo,2,86.95,0.0,173.9,120.77,53.13,UPI,Normal,3.7
218,2025-03-05,A,Aurangabad,Food & Beverages,Bread,3,270.78,0.05,771.72,564.86,206.86,E-wallet,Member,4.0
219,2025-03-03,A,Aurangabad,Electronics,Headphones,5,1186.64,0.0,5933.2,4332.86,1600.34,UPI,Normal,3.8
220,2025-05-26,A,Aurangabad,Home & Lifestyle,Kitchen Set,2,881.71,0.0,1763.42,1126.78,636.64,UPI,Normal,4.1
221,2025-04-12,C,Nashik,Home & Lifestyle,Kitchen Set,2,135.38,0.0,270.76,208.0,62.76,E-wallet,Normal,5.0
222,2025-04-11,B,Pune,Health & Beauty,Face Wash,3,291.65,0.0,874.95,589.16,285.79,Cash,Normal,3.1
223,2025-06-18,C,Nashik,Health & Beauty,Toothpaste,1,758.02,0.0,758.02,470.83,287.19,Credit Card,Member,4.5
224,2025-02-02,A,Aurangabad,Home & Lifestyle,Detergent,3,364.3,0.05,1038.26,610.91,427.34,E-wallet,Member,3.2
225,2025-04-03,A,Aurangabad,Electronics,Mouse,5,4882.74,0.1,21972.33,14385.19,7587.14,Cash,Normal,3.8
226,2025-01-01,C,Nashik,Home & Lifestyle,Soap,3,164.38,0.0,493.14,355.25,137.89,Cash,Member,4.7
227,2025-06-17,A,Aurangabad,Food & Beverages,Biscuits,6,152.55,0.15,778.01,571.61,206.39,UPI,Member,4.1
228,2025-05-13,B,Pune,Home & Lifestyle,Kitchen Set,6,143.87,0.0,863.22,510.38,352.84,Cash,Normal,3.5
229,2025-06-09,A,Aurangabad,Health & Beauty,Moisturizer,5,288.77,0.15,1227.27,896.44,330.83,Credit Card,Normal,3.7
230,2025-01-01,B,Pune,Health & Beauty,Toothpaste,4,677.36,0.0,2709.44,2082.82,626.62,UPI,Normal,4.5
231,2025-03-01,A,Aurangabad,Home & Lifestyle,Towel,4,868.17,0.05,3299.05,1885.06,1413.98,UPI,Normal,3.7
232,2025-02-03,B,Pune,Food & Beverages,Juice,2,191.74,0.0,383.48,249.28,134.2,Credit Card,Normal,4.2
233,2025-01-28,B,Pune,Electronics,Mouse,6,651.03,0.15,3320.25,1909.36,1410.9,Credit Card,Normal,4.1
234,2025-01-24,B,Pune,Electronics,Mouse,2,1275.89,0.05,2424.19,1808.62,615.57,Credit Card,Normal,3.7
235,2025-03-08,C,Nashik,Food & Beverages,Milk,6,77.46,0.0,464.76,328.01,136.75,Credit Card,Member,5.0
236,2025-02-26,B,Pune,Health & Beauty,Hand Wash,4,198.46,0.0,793.84,588.22,205.62,Credit Card,Member,4.4
237,2025-01-24,B,Pune,Electronics,Headphones,5,4986.66,0.1,22439.97,16518.93,5921.04,E-wallet,Member,3.0
238,2025-02-14,A,Aurangabad,Health & Beauty,Face Wash,3,625.58,0.1,1689.07,1194.4,494.66,E-wallet,Member,4.2
239,2025-05-21,A,Aurangabad,Electronics,Power Bank,8,3210.13,0.05,24396.99,16217.78,8179.21,UPI,Member,3.7
240,2025-04-08,A,Aurangabad,Electronics,Mouse,3,4046.83,0.15,10319.42,7562.22,2757.2,E-wallet,Normal,4.6
241,2025-05-01,C,Nashik,Health & Beauty,Moisturizer,6,309.68,0.05,1765.18,994.63,770.54,E-wallet,Member,3.7
242,2025-04-10,A,Aurangabad,Food & Beverages,Milk,4,115.29,0.0,461.16,314.7,146.46,E-wallet,Member,4.0
243,2025-05-25,A,Aurangabad,Home & Lifestyle,Towel,6,652.05,0.05,3716.68,2854.19,862.5,Credit Card,Member,4.4
244,2025-06-07,B,Pune,Electronics,USB Cable,8,3127.82,0.1,22520.3,12389.71,10130.6,Credit Card,Member,4.6
245,2025-01-19,B,Pune,Home & Lifestyle,Soap,1,561.02,0.15,476.87,356.67,120.19,E-wallet,Normal,3.4
246,2025-02-14,C,Nashik,Food & Beverages,Rice,5,133.23,0.1,599.53,419.26,180.27,E-wallet,Member,3.9
247,2025-05-26,C,Nashik,Home & Lifestyle,Kitchen Set,5,321.5,0.15,1366.38,874.57,491.8,Cash,Member,3.8
248,2025-03-23,C,Nashik,Electronics,Keyboard,4,2632.07,0.0,10528.28,6366.86,4161.42,Credit Card,Member,3.7
249,2025-01-13,C,Nashik,Electronics,Mouse,1,618.64,0.0,618.64,442.76,175.88,UPI,Normal,5.0
250,2025-05-28,C,Nashik,Health & Beauty,Toothpaste,7,175.63,0.1,1106.47,809.28,297.19,Credit Card,Member,4.3
251,2025-01-20,B,Pune,Food & Beverages,Bread,5,36.42,0.1,163.89,96.2,67.69,Cash,Normal,3.4
252,2025-02-18,C,Nashik,Health & Beauty,Face Wash,7,239.1,0.0,1673.7,1047.99,625.71,UPI,Normal,4.6
253,2025-04-20,C,Nashik,Electronics,Power Bank,4,2883.41,0.0,11533.64,7300.69,4232.95,Cash,Normal,5.0
254,2025-04-12,C,Nashik,Health & Beauty,Toothpaste,2,153.41,0.0,306.82,190.51,116.31,UPI,Normal,4.7
255,2025-03-09,C,Nashik,Electronics,Headphones,7,2036.19,0.05,13540.66,8816.87,4723.79,Credit Card,Normal,3.3
256,2025-01-16,C,Nashik,Food & Beverages,Milk,2,57.43,0.15,97.63,58.81,38.83,UPI,Normal,3.8
257,2025-05-13,C,Nashik,Health & Beauty,Hand Wash,4,874.31,0.15,2972.65,2025.51,947.15,Credit Card,Member,4.8
258,2025-06-10,B,Pune,Home & Lifestyle,Shampoo,4,183.47,0.1,660.49,393.94,266.55,Credit Card,Normal,3.7
259,2025-06-09,B,Pune,Food & Beverages,Bread,7,208.04,0.0,1456.28,1064.4,391.88,UPI,Member,4.3
260,2025-04-16,B,Pune,Home & Lifestyle,Shampoo,2,541.4,0.15,920.38,692.52,227.86,E-wallet,Normal,4.5
261,2025-03-26,C,Nashik,Health & Beauty,Hand Wash,8,753.87,0.1,5427.86,3033.74,2394.12,Credit Card,Member,3.6
262,2025-06-25,C,Nashik,Health & Beauty,Moisturizer,6,379.6,0.1,2049.84,1532.04,517.8,Cash,Member,4.1
263,2025-04-15,A,Aurangabad,Electronics,Mouse,6,3334.11,0.0,20004.66,15205.33,4799.33,UPI,Normal,2.3
264,2025-02-19,A,Aurangabad,Home & Lifestyle,Detergent,5,410.78,0.15,1745.81,971.82,773.99,Credit Card,Member,3.5
265,2025-02-01,A,Aurangabad,Food & Beverages,Biscuits,1,323.77,0.15,275.2,176.49,98.72,Cash,Member,4.0
266,2025-03-08,B,Pune,Health & Beauty,Hand Wash,8,458.73,0.0,3669.84,2725.44,944.4,Cash,Normal,3.4
267,2025-03-10,A,Aurangabad,Health & Beauty,Face Wash,3,312.34,0.0,937.02,661.41,275.61,UPI,Member,5.0
268,2025-06-14,C,Nashik,Food & Beverages,Biscuits,3,237.16,0.05,675.91,482.55,193.36,E-wallet,Normal,3.3
269,2025-05-11,B,Pune,Electronics,Mouse,5,2747.0,0.15,11674.75,6695.84,4978.91,E-wallet,Normal,3.9
270,2025-05-13,B,Pune,Food & Beverages,Biscuits,2,137.61,0.05,261.46,155.13,106.33,Credit Card,Member,4.2
271,2025-01-10,C,Nashik,Health & Beauty,Moisturizer,3,355.75,0.1,960.52,617.67,342.85,Credit Card,Normal,4.9
272,2025-01-25,C,Nashik,Home & Lifestyle,Towel,8,630.93,0.15,4290.32,2538.42,1751.91,UPI,Member,3.3
273,2025-03-20,C,Nashik,Electronics,Keyboard,3,3375.84,0.0,10127.52,7303.65,2823.87,UPI,Normal,4.7
274,2025-01-19,B,Pune,Electronics,Keyboard,5,552.28,0.15,2347.19,1800.74,546.45,UPI,Member,4.1
275,2025-05-26,C,Nashik,Food & Beverages,Biscuits,5,162.19,0.05,770.4,496.23,274.18,UPI,Member,3.6
276,2025-02-13,B,Pune,Home & Lifestyle,Detergent,8,889.05,0.1,6401.16,3923.34,2477.82,Credit Card,Normal,4.4
277,2025-04-06,A,Aurangabad,Home & Lifestyle,Towel,7,410.78,0.0,2875.46,1934.52,940.94,Cash,Normal,4.2
278,2025-05-09,C,Nashik,Home & Lifestyle,Detergent,1,284.03,0.0,284.03,162.93,121.1,E-wallet,Member,3.8
279,2025-05-06,A,Aurangabad,Food & Beverages,Rice,5,175.9,0.0,879.5,553.05,326.45,E-wallet,Member,4.1
280,2025-04-04,A,Aurangabad,Health & Beauty,Face Wash,4,84.98,0.15,288.93,170.14,118.79,Cash,Normal,3.9
281,2025-04-17,C,Nashik,Electronics,Keyboard,1,808.13,0.0,808.13,572.68,235.45,UPI,Normal,4.2
282,2025-03-11,A,Aurangabad,Electronics,Mouse,3,343.73,0.0,1031.19,724.28,306.91,Credit Card,Normal,4.5
283,2025-04-02,A,Aurangabad,Food & Beverages,Rice,2,281.12,0.15,477.9,369.81,108.09,UPI,Normal,5.0
284,2025-01-29,A,Aurangabad,Food & Beverages,Juice,8,321.31,0.0,2570.48,1810.84,759.64,UPI,Member,3.4
285,2025-02-14,A,Aurangabad,Food & Beverages,Bread,5,236.19,0.0,1180.95,676.63,504.32,Cash,Normal,5.0
286,2025-04-23,B,Pune,Electronics,Mouse,2,515.68,0.0,1031.36,645.21,386.15,E-wallet,Member,3.0
287,2025-06-16,B,Pune,Electronics,USB Cable,2,1577.62,0.1,2839.72,2084.29,755.43,Credit Card,Member,4.0
288,2025-04-02,A,Aurangabad,Food & Beverages,Milk,2,163.13,0.0,326.26,225.32,100.94,Cash,Member,4.4
289,2025-05-28,B,Pune,Health & Beauty,Face Wash,7,74.09,0.15,440.84,320.28,120.55,Credit Card,Normal,4.3
290,2025-06-06,C,Nashik,Food & Beverages,Biscuits,4,184.22,0.15,626.35,473.0,153.35,Cash,Member,3.8
291,2025-03-13,C,Nashik,Home & Lifestyle,Towel,8,792.92,0.0,6343.36,3971.61,2371.75,Cash,Member,4.0
292,2025-01-31,C,Nashik,Health & Beauty,Perfume,4,160.34,0.1,577.22,376.83,200.4,UPI,Member,3.8
293,2025-05-11,A,Aurangabad,Health & Beauty,Perfume,1,748.79,0.15,636.47,443.39,193.08,Credit Card,Normal,3.8
294,2025-01-30,B,Pune,Electronics,Headphones,4,3906.86,0.05,14846.07,10609.89,4236.18,Cash,Member,4.6
295,2025-04-15,A,Aurangabad,Electronics,Power Bank,5,799.71,0.1,3598.7,2095.53,1503.16,Cash,Normal,4.3
296,2025-04-17,C,Nashik,Home & Lifestyle,Shampoo,2,402.18,0.05,764.14,439.22,324.92,Cash,Member,3.7
297,2025-05-04,B,Pune,Health & Beauty,Hand Wash,3,690.68,0.1,1864.84,1385.44,479.4,Credit Card,Member,4.6
298,2025-06-27,C,Nashik,Home & Lifestyle,Detergent,7,577.05,0.1,3635.41,2818.48,816.93,Credit Card,Normal,4.3
299,2025-06-29,B,Pune,Electronics,Power Bank,8,3131.86,0.15,21296.65,13177.3,8119.35,E-wallet,Member,4.5
300,2025-06-27,A,Aurangabad,Home & Lifestyle,Towel,5,835.38,0.0,4176.9,2781.38,1395.52,E-wallet,Member,4.4
301,2025-05-14,B,Pune,Health & Beauty,Hand Wash,7,1060.32,0.1,6680.02,4915.89,1764.12,Cash,Member,3.6
302,2025-01-16,B,Pune,Home & Lifestyle,Detergent,1,695.15,0.05,660.39,385.46,274.94,E-wallet,Member,3.8
303,2025-05-11,C,Nashik,Food & Beverages,Rice,8,62.79,0.15,426.97,273.02,153.95,E-wallet,Member,4.5
304,2025-06-12,B,Pune,Health & Beauty,Perfume,6,291.52,0.1,1574.21,1166.32,407.88,E-wallet,Member,4.4
305,2025-01-11,C,Nashik,Home & Lifestyle,Soap,8,639.78,0.15,4350.5,2512.2,1838.3,UPI,Normal,4.1
306,2025-03-24,C,Nashik,Electronics,USB Cable,3,1853.65,0.0,5560.95,3109.61,2451.34,Cash,Normal,4.2
307,2025-05-18,B,Pune,Electronics,Headphones,6,2746.85,0.0,16481.1,10641.26,5839.84,UPI,Member,4.8
308,2025-06-16,B,Pune,Home & Lifestyle,Shampoo,6,320.73,0.1,1731.94,1349.57,382.37,Cash,Member,3.8
309,2025-01-30,C,Nashik,Electronics,Mouse,4,3219.32,0.05,12233.42,7801.44,4431.97,UPI,Normal,4.4
310,2025-01-22,C,Nashik,Electronics,Headphones,6,2587.98,0.0,15527.88,9684.3,5843.58,Cash,Member,4.0
311,2025-06-29,C,Nashik,Food & Beverages,Bread,4,244.51,0.0,978.04,584.17,393.87,UPI,Member,4.0
312,2025-05-28,C,Nashik,Home & Lifestyle,Detergent,8,111.07,0.05,844.13,572.62,271.51,Credit Card,Normal,4.7
313,2025-05-30,B,Pune,Health & Beauty,Perfume,7,669.71,0.15,3984.77,2249.58,1735.19,Cash,Member,4.6
314,2025-05-17,B,Pune,Food & Beverages,Rice,5,224.1,0.0,1120.5,738.43,382.07,Credit Card,Member,4.5
315,2025-01-03,C,Nashik,Health & Beauty,Hand Wash,5,1102.15,0.05,5235.21,4032.16,1203.05,Credit Card,Member,4.8
316,2025-06-15,A,Aurangabad,Food & Beverages,Juice,7,201.89,0.05,1342.57,803.8,538.77,Credit Card,Member,4.1
317,2025-05-21,A,Aurangabad,Home & Lifestyle,Towel,5,228.71,0.15,972.02,637.73,334.29,Cash,Normal,4.5
318,2025-06-08,C,Nashik,Food & Beverages,Rice,2,93.17,0.0,186.34,106.77,79.57,Cash,Member,3.9
319,2025-04-20,B,Pune,Health & Beauty,Perfume,6,704.73,0.05,4016.96,2955.56,1061.4,Credit Card,Member,4.3
320,2025-04-02,B,Pune,Home & Lifestyle,Shampoo,7,374.78,0.1,2361.11,1549.97,811.15,E-wallet,Normal,4.0
321,2025-06-10,C,Nashik,Food & Beverages,Milk,2,299.37,0.05,568.8,408.81,160.0,Cash,Member,4.2
322,2025-02-08,A,Aurangabad,Food & Beverages,Juice,7,276.14,0.15,1643.03,1082.08,560.96,E-wallet,Normal,4.4
323,2025-06-07,A,Aurangabad,Electronics,USB Cable,8,2010.17,0.0,16081.36,11981.19,4100.17,Credit Card,Member,3.6
324,2025-03-09,B,Pune,Home & Lifestyle,Shampoo,3,476.47,0.1,1286.47,776.13,510.34,E-wallet,Member,5.0
325,2025-05-14,A,Aurangabad,Home & Lifestyle,Towel,6,832.68,0.05,4746.28,2723.14,2023.14,E-wallet,Normal,3.5
326,2025-02-27,C,Nashik,Home & Lifestyle,Kitchen Set,7,615.74,0.1,3879.16,3001.37,877.8,UPI,Normal,3.4
327,2025-02-17,B,Pune,Health & Beauty,Perfume,1,147.88,0.05,140.49,84.1,56.38,Credit Card,Normal,4.7
328,2025-06-15,C,Nashik,Food & Beverages,Milk,7,289.58,0.0,2027.06,1390.32,636.74,UPI,Member,4.5
329,2025-02-16,A,Aurangabad,Food & Beverages,Milk,3,73.11,0.0,219.33,133.66,85.67,UPI,Member,4.4
330,2025-05-30,C,Nashik,Electronics,Headphones,4,4376.32,0.1,15754.75,10842.31,4912.44,Credit Card,Normal,4.4
331,2025-02-08,A,Aurangabad,Electronics,Mouse,2,810.28,0.15,1377.48,974.43,403.04,Cash,Member,4.1
332,2025-06-23,B,Pune,Food & Beverages,Juice,2,59.82,0.0,119.64,90.48,29.16,UPI,Normal,3.6
333,2025-06-28,B,Pune,Food & Beverages,Juice,7,103.44,0.15,615.47,452.41,163.06,Cash,Normal,4.1
334,2025-01-02,A,Aurangabad,Electronics,Mouse,4,3111.97,0.05,11825.49,7018.13,4807.36,Cash,Member,3.7
335,2025-04-04,B,Pune,Home & Lifestyle,Soap,7,206.92,0.15,1231.17,797.09,434.09,E-wallet,Normal,4.6
336,2025-06-30,A,Aurangabad,Health & Beauty,Hand Wash,8,1186.9,0.15,8070.92,5078.24,2992.68,UPI,Member,4.0
337,2025-06-07,C,Nashik,Food & Beverages,Milk,8,280.59,0.05,2132.48,1565.66,566.82,Cash,Member,3.6
338,2025-01-10,B,Pune,Food & Beverages,Bread,3,180.93,0.05,515.65,293.1,222.55,UPI,Normal,3.9
339,2025-05-13,C,Nashik,Electronics,Keyboard,1,3309.37,0.0,3309.37,2467.57,841.8,E-wallet,Member,4.3
340,2025-04-13,A,Aurangabad,Home & Lifestyle,Towel,3,374.99,0.0,1124.97,876.65,248.32,E-wallet,Normal,3.8
341,2025-03-31,B,Pune,Home & Lifestyle,Towel,1,136.27,0.15,115.83,88.08,27.75,E-wallet,Normal,3.6
342,2025-03-29,A,Aurangabad,Home & Lifestyle,Kitchen Set,7,294.11,0.0,2058.77,1370.58,688.19,Cash,Normal,4.2
343,2025-05-31,C,Nashik,Electronics,Mouse,7,3860.12,0.1,24318.76,17187.69,7131.07,Cash,Normal,4.2
344,2025-04-01,A,Aurangabad,Electronics,Headphones,7,3481.49,0.05,23151.91,14929.69,8222.22,Cash,Normal,3.8
345,2025-02-25,A,Aurangabad,Electronics,Headphones,7,657.34,0.1,4141.24,2576.64,1564.6,E-wallet,Member,3.8
346,2025-04-02,C,Nashik,Home & Lifestyle,Kitchen Set,4,278.49,0.0,1113.96,826.96,287.0,Credit Card,Member,4.2
347,2025-05-28,A,Aurangabad,Food & Beverages,Biscuits,1,274.56,0.15,233.38,145.29,88.09,E-wallet,Normal,3.3
348,2025-03-30,A,Aurangabad,Electronics,Mouse,4,2770.96,0.15,9421.26,5252.25,4169.01,UPI,Member,3.3
349,2025-06-06,B,Pune,Food & Beverages,Juice,8,131.01,0.0,1048.08,654.89,393.19,E-wallet,Member,3.7
350,2025-04-06,C,Nashik,Electronics,USB Cable,5,2019.84,0.0,10099.2,6528.04,3571.16,E-wallet,Normal,4.0
351,2025-04-08,B,Pune,Health & Beauty,Toothpaste,3,881.73,0.0,2645.19,1792.72,852.47,Credit Card,Member,4.3
352,2025-03-22,C,Nashik,Home & Lifestyle,Kitchen Set,1,489.67,0.15,416.22,280.04,136.18,UPI,Normal,4.9
353,2025-03-27,B,Pune,Food & Beverages,Biscuits,2,250.97,0.0,501.94,328.0,173.94,E-wallet,Normal,4.6
354,2025-06-16,B,Pune,Electronics,Power Bank,1,3494.05,0.15,2969.94,2026.85,943.09,Credit Card,Normal,4.0
355,2025-02-07,B,Pune,Electronics,Keyboard,8,668.52,0.1,4813.34,3346.69,1466.66,Credit Card,Normal,4.1
356,2025-04-12,B,Pune,Health & Beauty,Face Wash,2,392.15,0.05,745.08,513.54,231.54,E-wallet,Normal,3.5
357,2025-04-12,B,Pune,Health & Beauty,Perfume,3,814.71,0.0,2444.13,1462.64,981.49,Cash,Member,4.1
358,2025-01-22,A,Aurangabad,Health & Beauty,Hand Wash,1,154.91,0.05,147.16,101.86,45.3,UPI,Normal,3.9
359,2025-03-25,A,Aurangabad,Home & Lifestyle,Soap,8,187.65,0.05,1426.14,1066.59,359.55,UPI,Normal,4.3
360,2025-06-12,C,Nashik,Electronics,Keyboard,8,2834.65,0.1,20409.48,14187.46,6222.02,UPI,Normal,3.6
361,2025-05-14,B,Pune,Health & Beauty,Hand Wash,4,356.18,0.05,1353.48,747.7,605.78,Credit Card,Normal,4.4
362,2025-06-02,B,Pune,Health & Beauty,Hand Wash,1,401.56,0.1,361.4,265.1,96.3,Credit Card,Member,4.9
363,2025-02-26,C,Nashik,Electronics,USB Cable,7,1474.51,0.1,9289.41,6879.16,2410.25,E-wallet,Member,4.0
364,2025-03-16,B,Pune,Home & Lifestyle,Towel,5,689.2,0.0,3446.0,2039.87,1406.13,Cash,Normal,4.3
365,2025-03-14,C,Nashik,Health & Beauty,Moisturizer,8,669.87,0.0,5358.96,4145.89,1213.07,E-wallet,Member,4.5
366,2025-04-29,C,Nashik,Health & Beauty,Face Wash,4,539.08,0.1,1940.69,1512.83,427.86,Cash,Normal,3.9
367,2025-01-04,A,Aurangabad,Home & Lifestyle,Detergent,5,138.54,0.05,658.06,485.63,172.43,Cash,Member,4.2
368,2025-06-24,B,Pune,Health & Beauty,Toothpaste,1,819.25,0.0,819.25,539.68,279.57,E-wallet,Normal,4.1
369,2025-03-02,A,Aurangabad,Food & Beverages,Juice,2,111.06,0.0,222.12,171.89,50.23,UPI,Normal,4.2
370,2025-02-09,A,Aurangabad,Home & Lifestyle,Soap,2,279.33,0.1,502.79,356.15,146.65,E-wallet,Member,3.7
371,2025-06-15,A,Aurangabad,Home & Lifestyle,Kitchen Set,2,357.51,0.0,715.02,403.09,311.93,Credit Card,Member,4.1
372,2025-01-06,A,Aurangabad,Health & Beauty,Toothpaste,6,978.3,0.1,5282.82,3796.41,1486.41,UPI,Normal,4.4
373,2025-05-20,C,Nashik,Home & Lifestyle,Soap,1,438.75,0.0,438.75,298.5,140.25,E-wallet,Normal,4.9
374,2025-06-13,C,Nashik,Health & Beauty,Moisturizer,3,360.22,0.05,1026.63,671.86,354.76,UPI,Member,4.6
375,2025-05-08,A,Aurangabad,Electronics,Keyboard,4,4845.67,0.0,19382.68,12996.79,6385.89,Credit Card,Normal,5.0
376,2025-02-21,B,Pune,Health & Beauty,Moisturizer,2,1129.09,0.0,2258.18,1695.67,562.51,Cash,Normal,3.7
377,2025-01-19,A,Aurangabad,Food & Beverages,Bread,7,240.53,0.05,1599.52,960.94,638.58,Cash,Member,4.6
378,2025-01-15,C,Nashik,Health & Beauty,Face Wash,8,1129.6,0.1,8133.12,6010.91,2122.21,E-wallet,Member,4.2
379,2025-02-19,C,Nashik,Food & Beverages,Rice,2,332.27,0.15,564.86,360.73,204.13,Credit Card,Member,5.0
380,2025-05-10,C,Nashik,Health & Beauty,Face Wash,6,178.68,0.0,1072.08,725.25,346.83,E-wallet,Member,3.7
381,2025-03-24,C,Nashik,Health & Beauty,Moisturizer,6,530.07,0.1,2862.38,2118.2,744.17,Credit Card,Member,3.6
382,2025-02-04,B,Pune,Electronics,Power Bank,8,3713.67,0.15,25252.96,13983.81,11269.14,E-wallet,Member,3.8
383,2025-05-27,B,Pune,Home & Lifestyle,Shampoo,6,753.99,0.15,3845.35,2567.13,1278.22,Credit Card,Member,2.9
384,2025-04-13,A,Aurangabad,Health & Beauty,Moisturizer,3,325.61,0.05,927.99,530.01,397.98,Credit Card,Member,3.8
385,2025-03-18,C,Nashik,Electronics,Mouse,3,3603.39,0.0,10810.17,7425.54,3384.63,Cash,Normal,3.7
386,2025-06-04,A,Aurangabad,Food & Beverages,Rice,6,311.53,0.0,1869.18,1349.48,519.7,Cash,Normal,4.2
387,2025-04-11,A,Aurangabad,Electronics,Keyboard,1,1836.11,0.0,1836.11,1031.2,804.91,UPI,Member,4.3
388,2025-01-22,A,Aurangabad,Health & Beauty,Moisturizer,7,909.66,0.15,5412.48,3473.8,1938.67,UPI,Normal,5.0
389,2025-05-15,C,Nashik,Home & Lifestyle,Shampoo,8,480.05,0.15,3264.34,2543.99,720.35,Credit Card,Member,4.6
390,2025-03-24,A,Aurangabad,Electronics,Mouse,6,828.89,0.05,4724.67,2977.07,1747.61,E-wallet,Member,3.8
391,2025-01-22,B,Pune,Home & Lifestyle,Soap,8,441.18,0.05,3352.97,1964.43,1388.54,Cash,Member,3.6
392,2025-05-18,A,Aurangabad,Home & Lifestyle,Soap,1,739.51,0.05,702.53,420.17,282.37,Credit Card,Member,4.4
393,2025-06-19,C,Nashik,Electronics,Keyboard,8,3566.83,0.1,25681.18,17568.26,8112.91,Cash,Normal,3.4
394,2025-06-19,A,Aurangabad,Food & Beverages,Rice,4,282.54,0.0,1130.16,638.9,491.26,E-wallet,Normal,5.0
395,2025-06-02,A,Aurangabad,Food & Beverages,Rice,7,103.97,0.05,691.4,457.34,234.06,Cash,Member,4.7
396,2025-06-25,A,Aurangabad,Health & Beauty,Hand Wash,1,618.52,0.0,618.52,342.8,275.72,E-wallet,Normal,3.8
397,2025-03-13,C,Nashik,Electronics,USB Cable,5,4429.78,0.0,22148.9,16991.56,5157.34,Credit Card,Member,3.2
398,2025-05-27,B,Pune,Health & Beauty,Toothpaste,2,1054.88,0.0,2109.76,1362.88,746.88,Credit Card,Normal,4.8
399,2025-06-30,B,Pune,Electronics,Mouse,3,2844.36,0.0,8533.08,5299.64,3233.44,Credit Card,Normal,4.0
400,2025-03-23,A,Aurangabad,Home & Lifestyle,Soap,2,857.85,0.0,1715.7,1230.55,485.15,UPI,Normal,4.8
401,2025-06-05,B,Pune,Health & Beauty,Moisturizer,3,929.19,0.15,2369.43,1639.41,730.03,Credit Card,Member,3.2
402,2025-04-10,A,Aurangabad,Food & Beverages,Rice,2,250.21,0.05,475.4,281.59,193.81,UPI,Normal,3.8
403,2025-06-21,A,Aurangabad,Home & Lifestyle,Shampoo,4,706.92,0.1,2544.91,1529.97,1014.94,Credit Card,Member,4.1
404,2025-04-08,A,Aurangabad,Home & Lifestyle,Kitchen Set,8,790.76,0.0,6326.08,4363.88,1962.2,E-wallet,Normal,4.1
405,2025-01-11,C,Nashik,Food & Beverages,Juice,2,174.52,0.15,296.68,199.88,96.81,UPI,Member,3.9
406,2025-01-14,A,Aurangabad,Electronics,Mouse,7,1643.8,0.05,10931.27,7553.74,3377.53,Credit Card,Normal,4.4
407,2025-04-26,C,Nashik,Health & Beauty,Face Wash,2,682.9,0.1,1229.22,792.99,436.23,Cash,Member,3.5
408,2025-06-30,B,Pune,Home & Lifestyle,Kitchen Set,2,647.21,0.0,1294.42,739.08,555.34,UPI,Normal,4.0
409,2025-02-08,A,Aurangabad,Health & Beauty,Hand Wash,3,1099.97,0.15,2804.92,2104.82,700.11,Credit Card,Member,4.2
410,2025-02-21,A,Aurangabad,Food & Beverages,Biscuits,5,129.05,0.0,645.25,488.24,157.01,Cash,Normal,4.4
411,2025-04-27,A,Aurangabad,Health & Beauty,Perfume,8,331.18,0.15,2252.02,1580.2,671.83,UPI,Normal,4.5
412,2025-03-31,A,Aurangabad,Food & Beverages,Milk,5,228.33,0.0,1141.65,642.37,499.28,Cash,Member,3.5
413,2025-06-29,A,Aurangabad,Electronics,Power Bank,2,1137.77,0.15,1934.21,1357.84,576.37,Credit Card,Normal,3.3
414,2025-01-17,C,Nashik,Electronics,Headphones,2,4518.39,0.1,8133.1,6050.71,2082.39,E-wallet,Normal,4.8
415,2025-06-11,A,Aurangabad,Food & Beverages,Rice,6,198.66,0.0,1191.96,812.22,379.74,Cash,Normal,4.3
416,2025-05-14,C,Nashik,Electronics,Mouse,6,3229.25,0.15,16469.17,11189.25,5279.92,UPI,Normal,3.7
417,2025-04-17,A,Aurangabad,Home & Lifestyle,Soap,4,99.67,0.0,398.68,292.59,106.09,UPI,Member,5.0
418,2025-05-21,B,Pune,Electronics,Keyboard,4,1623.65,0.05,6169.87,3819.55,2350.32,E-wallet,Member,4.2
419,2025-06-22,A,Aurangabad,Electronics,Power Bank,7,436.85,0.05,2905.05,2154.91,750.14,UPI,Normal,4.7
420,2025-01-15,A,Aurangabad,Home & Lifestyle,Kitchen Set,3,811.49,0.1,2191.02,1672.61,518.41,E-wallet,Normal,4.1
421,2025-03-28,C,Nashik,Food & Beverages,Milk,6,285.85,0.05,1629.35,1211.21,418.14,UPI,Member,5.0
422,2025-01-23,C,Nashik,Health & Beauty,Toothpaste,2,418.53,0.0,837.06,512.65,324.41,UPI,Member,5.0
423,2025-04-24,B,Pune,Health & Beauty,Moisturizer,4,102.63,0.0,410.52,312.02,98.5,Cash,Normal,4.0
424,2025-01-26,C,Nashik,Home & Lifestyle,Shampoo,6,680.6,0.0,4083.6,2968.7,1114.9,Credit Card,Member,4.6
425,2025-03-27,C,Nashik,Food & Beverages,Biscuits,7,258.38,0.15,1537.36,1153.84,383.52,UPI,Member,4.5
426,2025-04-23,A,Aurangabad,Electronics,Headphones,5,1242.61,0.15,5281.09,3292.26,1988.84,Cash,Normal,4.9
427,2025-03-11,A,Aurangabad,Home & Lifestyle,Soap,2,590.81,0.05,1122.54,759.23,363.31,Credit Card,Normal,3.6
428,2025-06-22,C,Nashik,Home & Lifestyle,Shampoo,2,811.64,0.0,1623.28,1068.56,554.72,Cash,Member,4.5
429,2025-03-21,B,Pune,Food & Beverages,Bread,7,155.41,0.1,979.08,677.28,301.8,E-wallet,Member,4.7
430,2025-04-30,C,Nashik,Food & Beverages,Biscuits,3,59.73,0.05,170.23,120.43,49.8,UPI,Member,3.1
431,2025-01-08,A,Aurangabad,Home & Lifestyle,Towel,5,401.5,0.05,1907.12,1247.75,659.38,Cash,Normal,3.4
432,2025-01-28,A,Aurangabad,Electronics,Mouse,8,1938.49,0.15,13181.73,7562.02,5619.71,E-wallet,Member,3.0
433,2025-06-27,B,Pune,Health & Beauty,Perfume,7,609.91,0.0,4269.37,2682.72,1586.65,UPI,Normal,4.0
434,2025-06-02,C,Nashik,Electronics,Keyboard,4,3775.03,0.1,13590.11,7831.9,5758.21,UPI,Normal,4.5
435,2025-04-08,C,Nashik,Food & Beverages,Biscuits,3,128.57,0.15,327.85,238.48,89.37,E-wallet,Normal,4.9
436,2025-06-19,C,Nashik,Food & Beverages,Bread,4,291.45,0.0,1165.8,844.19,321.61,Credit Card,Normal,4.1
437,2025-04-22,C,Nashik,Electronics,Mouse,8,1788.01,0.05,13588.88,10344.6,3244.27,E-wallet,Member,5.0
438,2025-05-24,C,Nashik,Food & Beverages,Juice,7,301.24,0.0,2108.68,1160.18,948.5,E-wallet,Member,3.3
439,2025-02-24,B,Pune,Food & Beverages,Milk,7,254.71,0.1,1604.67,1043.19,561.49,Credit Card,Normal,3.2
440,2025-01-19,A,Aurangabad,Home & Lifestyle,Towel,7,375.44,0.0,2628.08,1526.61,1101.47,Cash,Member,4.1
441,2025-06-09,C,Nashik,Health & Beauty,Perfume,3,579.87,0.15,1478.67,1129.66,349.01,Credit Card,Normal,4.3
442,2025-03-02,C,Nashik,Health & Beauty,Hand Wash,8,68.47,0.1,492.98,367.16,125.83,E-wallet,Normal,4.1
443,2025-05-15,C,Nashik,Electronics,Headphones,1,831.87,0.0,831.87,484.71,347.16,E-wallet,Normal,3.0
444,2025-03-21,C,Nashik,Food & Beverages,Juice,2,108.47,0.15,184.4,135.27,49.13,Cash,Normal,4.1
445,2025-01-10,C,Nashik,Food & Beverages,Biscuits,8,194.05,0.05,1474.78,909.23,565.55,E-wallet,Normal,3.4
446,2025-01-22,A,Aurangabad,Health & Beauty,Hand Wash,3,900.61,0.0,2701.83,1664.24,1037.59,Credit Card,Member,4.5
447,2025-06-18,B,Pune,Electronics,USB Cable,5,3784.72,0.15,16085.06,11580.64,4504.42,UPI,Normal,4.3
448,2025-02-09,A,Aurangabad,Electronics,USB Cable,8,455.53,0.0,3644.24,2503.5,1140.74,UPI,Normal,3.6
449,2025-04-29,B,Pune,Home & Lifestyle,Kitchen Set,3,682.18,0.0,2046.54,1150.32,896.22,UPI,Normal,3.8
450,2025-04-25,B,Pune,Health & Beauty,Hand Wash,4,225.47,0.1,811.69,448.65,363.05,UPI,Normal,3.5
451,2025-01-26,C,Nashik,Food & Beverages,Bread,6,335.98,0.05,1915.09,1172.37,742.72,E-wallet,Normal,4.1
452,2025-01-18,B,Pune,Home & Lifestyle,Towel,4,635.73,0.0,2542.92,1792.11,750.81,Cash,Normal,4.6
453,2025-06-02,A,Aurangabad,Food & Beverages,Biscuits,6,100.21,0.0,601.26,338.56,262.7,Credit Card,Member,3.6
454,2025-06-28,C,Nashik,Food & Beverages,Bread,3,150.31,0.0,450.93,340.94,109.99,Credit Card,Normal,4.4
455,2025-01-19,B,Pune,Health & Beauty,Face Wash,8,1089.87,0.05,8283.01,5045.91,3237.11,E-wallet,Member,3.8
456,2025-02-15,B,Pune,Health & Beauty,Moisturizer,1,139.11,0.0,139.11,96.04,43.07,UPI,Member,3.7
457,2025-04-25,A,Aurangabad,Health & Beauty,Toothpaste,2,143.13,0.15,243.32,174.54,68.78,Cash,Normal,4.0
458,2025-05-06,A,Aurangabad,Food & Beverages,Bread,7,115.26,0.15,685.8,488.8,197.0,UPI,Normal,3.5
459,2025-04-02,B,Pune,Food & Beverages,Juice,4,31.06,0.15,105.6,71.08,34.52,E-wallet,Normal,3.8
460,2025-02-15,B,Pune,Food & Beverages,Bread,6,201.08,0.05,1146.16,801.15,345.0,Cash,Normal,3.4
461,2025-02-05,C,Nashik,Home & Lifestyle,Soap,7,597.11,0.1,3761.79,2705.2,1056.6,Cash,Member,5.0
462,2025-01-05,A,Aurangabad,Home & Lifestyle,Kitchen Set,7,523.25,0.1,3296.47,2545.91,750.57,Cash,Normal,4.1
463,2025-05-29,A,Aurangabad,Electronics,Headphones,7,3436.39,0.15,20446.52,11946.07,8500.45,Credit Card,Member,3.7
464,2025-06-11,A,Aurangabad,Home & Lifestyle,Kitchen Set,1,832.78,0.0,832.78,460.78,372.0,Cash,Normal,4.2
465,2025-02-26,A,Aurangabad,Health & Beauty,Hand Wash,3,190.16,0.15,484.91,355.83,129.08,Cash,Member,4.0
466,2025-06-01,B,Pune,Electronics,Mouse,6,2865.66,0.0,17193.96,12478.9,4715.06,Credit Card,Normal,4.0
467,2025-01-11,A,Aurangabad,Food & Beverages,Rice,3,272.42,0.0,817.26,623.49,193.77,Credit Card,Member,4.4
468,2025-04-17,C,Nashik,Health & Beauty,Toothpaste,1,1115.8,0.15,948.43,715.11,233.32,UPI,Member,4.5
469,2025-06-06,A,Aurangabad,Home & Lifestyle,Soap,8,849.23,0.0,6793.84,4857.29,1936.55,Cash,Normal,3.8
470,2025-04-29,B,Pune,Health & Beauty,Face Wash,4,765.57,0.15,2602.94,1735.47,867.47,Credit Card,Normal,3.8
471,2025-04-04,A,Aurangabad,Home & Lifestyle,Detergent,3,874.23,0.0,2622.69,1475.07,1147.62,E-wallet,Member,3.9
472,2025-01-30,B,Pune,Electronics,Power Bank,8,4646.85,0.0,37174.8,24593.51,12581.29,Cash,Member,2.8
473,2025-01-26,C,Nashik,Health & Beauty,Hand Wash,6,322.27,0.0,1933.62,1208.53,725.09,Credit Card,Normal,3.3
474,2025-04-10,A,Aurangabad,Health & Beauty,Toothpaste,2,225.23,0.15,382.89,250.66,132.23,E-wallet,Member,4.9
475,2025-04-30,B,Pune,Home & Lifestyle,Soap,5,184.31,0.0,921.55,530.4,391.15,UPI,Normal,5.0
476,2025-05-22,A,Aurangabad,Electronics,USB Cable,5,3298.6,0.0,16493.0,11264.19,5228.81,Credit Card,Member,4.0
477,2025-04-22,B,Pune,Health & Beauty,Toothpaste,8,899.24,0.0,7193.92,4366.72,2827.2,Credit Card,Member,4.4
478,2025-06-28,C,Nashik,Food & Beverages,Biscuits,1,42.82,0.15,36.4,23.32,13.08,Cash,Normal,4.3
479,2025-01-24,B,Pune,Home & Lifestyle,Detergent,1,413.43,0.0,413.43,288.97,124.46,Cash,Normal,5.0
480,2025-04-14,C,Nashik,Electronics,USB Cable,8,414.74,0.0,3317.92,2491.98,825.94,Credit Card,Normal,4.7
481,2025-06-06,C,Nashik,Health & Beauty,Face Wash,2,398.11,0.05,756.41,537.47,218.94,Credit Card,Member,4.0
482,2025-06-15,C,Nashik,Electronics,Headphones,6,2018.28,0.05,11504.2,7296.88,4207.32,Cash,Member,3.6
483,2025-02-27,A,Aurangabad,Electronics,USB Cable,2,3835.7,0.0,7671.4,5548.19,2123.21,E-wallet,Normal,3.2
484,2025-05-17,B,Pune,Health & Beauty,Moisturizer,1,660.42,0.0,660.42,434.65,225.77,E-wallet,Normal,4.2
485,2025-01-20,C,Nashik,Electronics,Headphones,4,676.8,0.05,2571.84,1981.34,590.5,Cash,Member,3.7
486,2025-05-19,B,Pune,Food & Beverages,Milk,8,78.16,0.1,562.75,435.01,127.74,Credit Card,Normal,3.3
487,2025-04-16,B,Pune,Health & Beauty,Perfume,1,324.85,0.15,276.12,192.81,83.31,E-wallet,Normal,3.7
488,2025-03-15,B,Pune,Health & Beauty,Perfume,5,959.77,0.0,4798.85,3173.84,1625.01,Cash,Member,3.5
489,2025-06-27,B,Pune,Electronics,Mouse,3,2815.99,0.0,8447.97,6277.23,2170.74,Credit Card,Member,5.0
490,2025-03-30,A,Aurangabad,Food & Beverages,Bread,6,213.85,0.0,1283.1,902.12,380.98,Credit Card,Normal,4.6
491,2025-02-09,B,Pune,Home & Lifestyle,Towel,5,100.44,0.1,451.98,345.04,106.94,Cash,Normal,4.1
492,2025-04-24,C,Nashik,Electronics,Mouse,5,4972.11,0.15,21131.47,15163.2,5968.26,E-wallet,Member,4.9
493,2025-01-24,C,Nashik,Health & Beauty,Face Wash,3,763.98,0.0,2291.94,1495.66,796.28,E-wallet,Member,4.1
494,2025-01-23,C,Nashik,Home & Lifestyle,Towel,4,709.02,0.1,2552.47,1801.34,751.13,UPI,Member,3.6
495,2025-01-04,B,Pune,Electronics,Keyboard,1,995.35,0.05,945.58,604.04,341.54,E-wallet,Normal,4.9
496,2025-04-19,B,Pune,Electronics,Mouse,2,3785.18,0.1,6813.32,4199.64,2613.69,UPI,Member,4.4
497,2025-01-23,C,Nashik,Food & Beverages,Milk,4,127.03,0.15,431.9,312.66,119.25,Cash,Normal,3.5
498,2025-03-16,C,Nashik,Electronics,Mouse,3,3849.65,0.0,11548.95,8562.68,2986.27,UPI,Member,4.0
499,2025-06-20,B,Pune,Electronics,Mouse,8,1023.91,0.1,7372.15,4265.24,3106.91,E-wallet,Normal,3.6
500,2025-05-25,A,Aurangabad,Health & Beauty,Toothpaste,1,136.07,0.05,129.27,88.37,40.89,UPI,Normal,3.3
501,2025-04-29,C,Nashik,Health & Beauty,Face Wash,6,245.65,0.0,1473.9,860.19,613.71,Credit Card,Normal,4.6
502,2025-01-20,A,Aurangabad,Food & Beverages,Rice,6,164.24,0.15,837.62,583.79,253.84,Credit Card,Member,5.0
503,2025-05-29,A,Aurangabad,Home & Lifestyle,Towel,6,757.99,0.05,4320.54,2471.53,1849.01,E-wallet,Member,3.3
504,2025-05-09,A,Aurangabad,Home & Lifestyle,Towel,5,477.62,0.0,2388.1,1433.13,954.97,Credit Card,Member,4.4
505,2025-04-03,C,Nashik,Food & Beverages,Biscuits,8,323.13,0.05,2455.79,1526.67,929.12,Credit Card,Normal,3.7
506,2025-03-20,C,Nashik,Electronics,USB Cable,5,1345.08,0.0,6725.4,4763.27,1962.13,Credit Card,Member,3.8
507,2025-06-18,A,Aurangabad,Food & Beverages,Biscuits,2,54.88,0.0,109.76,61.2,48.56,Cash,Normal,3.8
508,2025-02-21,A,Aurangabad,Electronics,Headphones,2,753.57,0.15,1281.07,765.11,515.96,Credit Card,Normal,3.6
509,2025-05-26,A,Aurangabad,Food & Beverages,Milk,5,333.61,0.15,1417.84,858.67,559.17,Cash,Member,4.1
510,2025-01-26,C,Nashik,Food & Beverages,Juice,4,259.06,0.0,1036.24,801.97,234.27,Credit Card,Normal,3.6
511,2025-03-22,B,Pune,Home & Lifestyle,Kitchen Set,2,370.95,0.0,741.9,477.59,264.31,Cash,Normal,4.2
512,2025-04-27,A,Aurangabad,Home & Lifestyle,Kitchen Set,6,536.85,0.0,3221.1,2056.67,1164.43,E-wallet,Normal,4.1
513,2025-06-22,A,Aurangabad,Health & Beauty,Moisturizer,7,602.27,0.05,4005.1,2367.97,1637.13,UPI,Member,4.0
514,2025-02-20,B,Pune,Health & Beauty,Hand Wash,2,1174.43,0.0,2348.86,1326.83,1022.03,E-wallet,Member,3.6
515,2025-06-14,C,Nashik,Health & Beauty,Face Wash,4,873.38,0.15,2969.49,2038.67,930.82,UPI,Normal,3.8
516,2025-02-04,B,Pune,Health & Beauty,Perfume,5,617.85,0.0,3089.25,2145.56,943.69,Cash,Member,4.5
517,2025-06-09,C,Nashik,Food & Beverages,Bread,8,246.99,0.0,1975.92,1224.35,751.57,Cash,Member,4.4
518,2025-01-09,C,Nashik,Health & Beauty,Perfume,4,678.38,0.15,2306.49,1558.55,747.94,UPI,Member,3.6
519,2025-02-12,B,Pune,Health & Beauty,Moisturizer,7,811.73,0.05,5398.0,4067.29,1330.71,UPI,Normal,4.2
520,2025-05-02,A,Aurangabad,Electronics,Mouse,8,2605.6,0.15,17718.08,12076.79,5641.29,Credit Card,Member,4.5
521,2025-02-02,B,Pune,Electronics,Mouse,7,4895.58,0.0,34269.06,23501.95,10767.11,E-wallet,Normal,3.2
522,2025-06-15,C,Nashik,Food & Beverages,Rice,7,61.15,0.0,428.05,259.81,168.24,E-wallet,Member,4.4
523,2025-04-18,C,Nashik,Food & Beverages,Rice,2,138.03,0.1,248.45,169.11,79.34,E-wallet,Member,3.7
524,2025-06-22,C,Nashik,Health & Beauty,Hand Wash,1,712.69,0.1,641.42,367.54,273.88,Credit Card,Normal,4.4
525,2025-05-18,B,Pune,Electronics,USB Cable,5,2635.67,0.0,13178.35,9795.3,3383.05,Credit Card,Normal,3.7
526,2025-03-28,B,Pune,Food & Beverages,Rice,7,287.47,0.15,1710.45,978.01,732.43,E-wallet,Member,3.1
527,2025-05-19,C,Nashik,Health & Beauty,Perfume,4,635.29,0.05,2414.1,1568.13,845.98,E-wallet,Member,3.2
528,2025-05-28,B,Pune,Health & Beauty,Moisturizer,8,775.74,0.15,5275.03,3947.96,1327.08,UPI,Member,4.1
529,2025-02-08,C,Nashik,Health & Beauty,Moisturizer,7,288.74,0.1,1819.06,1062.3,756.76,E-wallet,Normal,4.2
530,2025-03-03,B,Pune,Electronics,Headphones,4,1649.11,0.15,5606.97,3388.35,2218.62,Cash,Member,3.6
531,2025-03-11,A,Aurangabad,Food & Beverages,Milk,5,178.53,0.0,892.65,532.43,360.22,Credit Card,Member,4.5
532,2025-01-22,B,Pune,Electronics,Keyboard,3,3695.63,0.0,11086.89,8289.72,2797.17,E-wallet,Normal,3.2
533,2025-01-31,A,Aurangabad,Health & Beauty,Moisturizer,2,329.09,0.15,559.45,402.21,157.25,E-wallet,Normal,4.1
534,2025-02-25,A,Aurangabad,Home & Lifestyle,Towel,2,337.0,0.0,674.0,515.72,158.28,Credit Card,Member,3.4
535,2025-04-19,A,Aurangabad,Home & Lifestyle,Soap,8,787.58,0.0,6300.64,3923.99,2376.65,UPI,Member,3.7
536,2025-06-19,B,Pune,Home & Lifestyle,Soap,8,753.52,0.15,5123.94,2859.19,2264.75,Cash,Member,4.1
537,2025-04-11,B,Pune,Health & Beauty,Moisturizer,6,329.48,0.1,1779.19,1137.52,641.67,E-wallet,Normal,3.6
538,2025-03-12,A,Aurangabad,Home & Lifestyle,Soap,4,211.39,0.1,761.0,556.71,204.3,Cash,Normal,3.9
539,2025-04-18,B,Pune,Health & Beauty,Moisturizer,7,856.27,0.15,5094.81,2879.91,2214.89,E-wallet,Normal,4.7
540,2025-01-22,C,Nashik,Food & Beverages,Bread,3,231.65,0.05,660.2,410.75,249.45,Cash,Member,3.8
541,2025-06-01,A,Aurangabad,Home & Lifestyle,Towel,7,341.91,0.05,2273.7,1341.26,932.44,E-wallet,Normal,4.6
542,2025-01-06,A,Aurangabad,Food & Beverages,Biscuits,6,88.2,0.0,529.2,293.58,235.62,Credit Card,Member,3.5
543,2025-05-26,B,Pune,Home & Lifestyle,Soap,3,586.76,0.05,1672.27,985.18,687.09,Cash,Member,4.4
544,2025-05-07,C,Nashik,Health & Beauty,Perfume,8,1042.61,0.05,7923.84,4882.92,3040.92,UPI,Member,4.9
545,2025-01-08,B,Pune,Home & Lifestyle,Towel,4,312.03,0.1,1123.31,822.56,300.75,E-wallet,Normal,2.7
546,2025-04-12,A,Aurangabad,Health & Beauty,Toothpaste,6,594.53,0.05,3388.82,2623.33,765.49,Credit Card,Normal,3.7
547,2025-06-05,C,Nashik,Health & Beauty,Hand Wash,5,1121.41,0.1,5046.35,3829.63,1216.71,Cash,Member,4.4
548,2025-05-09,B,Pune,Health & Beauty,Moisturizer,7,106.88,0.0,748.16,456.28,291.88,UPI,Normal,4.0
549,2025-03-13,B,Pune,Home & Lifestyle,Detergent,6,435.0,0.0,2610.0,1735.18,874.82,E-wallet,Normal,4.3
550,2025-02-08,B,Pune,Electronics,Keyboard,5,1075.42,0.1,4839.39,3511.68,1327.71,UPI,Member,3.8
551,2025-05-07,A,Aurangabad,Home & Lifestyle,Detergent,4,465.6,0.0,1862.4,1450.62,411.78,Cash,Normal,4.1
552,2025-02-16,B,Pune,Health & Beauty,Perfume,8,458.55,0.0,3668.4,2750.13,918.27,Credit Card,Normal,4.0
553,2025-03-26,C,Nashik,Home & Lifestyle,Towel,1,548.05,0.1,493.24,348.08,145.17,Cash,Normal,4.7
554,2025-06-18,C,Nashik,Food & Beverages,Biscuits,6,218.91,0.0,1313.46,861.44,452.02,UPI,Normal,4.2
555,2025-01-13,C,Nashik,Electronics,Keyboard,1,3225.11,0.15,2741.34,1589.28,1152.07,E-wallet,Normal,4.3
556,2025-02-23,A,Aurangabad,Food & Beverages,Juice,7,59.62,0.1,375.61,214.29,161.32,Credit Card,Normal,3.9
557,2025-06-20,B,Pune,Electronics,USB Cable,2,3758.68,0.15,6389.76,3707.31,2682.45,Cash,Normal,3.8
558,2025-06-07,C,Nashik,Home & Lifestyle,Kitchen Set,8,470.68,0.1,3388.9,2496.02,892.88,Credit Card,Normal,3.9
559,2025-05-15,C,Nashik,Health & Beauty,Face Wash,1,798.28,0.0,798.28,609.93,188.35,Cash,Normal,4.3
560,2025-03-17,B,Pune,Health & Beauty,Face Wash,8,402.47,0.0,3219.76,2158.24,1061.52,Cash,Member,3.9
561,2025-01-21,A,Aurangabad,Food & Beverages,Juice,7,162.17,0.05,1078.43,656.35,422.08,Cash,Member,4.3
562,2025-04-27,C,Nashik,Health & Beauty,Toothpaste,3,862.99,0.05,2459.52,1684.91,774.61,UPI,Normal,5.0
563,2025-01-02,B,Pune,Home & Lifestyle,Shampoo,3,885.39,0.1,2390.55,1608.62,781.93,UPI,Member,4.6
564,2025-06-07,A,Aurangabad,Home & Lifestyle,Kitchen Set,8,792.4,0.1,5705.28,3535.24,2170.04,E-wallet,Normal,3.9
565,2025-06-16,B,Pune,Food & Beverages,Milk,3,34.44,0.0,103.32,61.8,41.52,Credit Card,Member,4.8
566,2025-04-24,B,Pune,Home & Lifestyle,Detergent,5,201.5,0.0,1007.5,725.32,282.18,UPI,Normal,3.9
567,2025-04-21,A,Aurangabad,Health & Beauty,Hand Wash,4,118.05,0.0,472.2,270.86,201.34,UPI,Normal,3.0
568,2025-01-16,C,Nashik,Electronics,Headphones,8,3705.69,0.1,26680.97,16097.65,10583.32,Cash,Normal,3.5
569,2025-03-30,C,Nashik,Electronics,Keyboard,2,4478.96,0.15,7614.23,5832.21,1782.02,UPI,Normal,3.1
570,2025-06-18,A,Aurangabad,Home & Lifestyle,Soap,4,439.25,0.05,1669.15,1271.89,397.26,UPI,Member,3.9
571,2025-01-23,B,Pune,Health & Beauty,Perfume,6,768.9,0.05,4382.73,3106.74,1275.99,UPI,Member,4.1
572,2025-01-05,A,Aurangabad,Home & Lifestyle,Shampoo,8,421.11,0.0,3368.88,2284.34,1084.54,E-wallet,Normal,5.0
573,2025-03-08,B,Pune,Home & Lifestyle,Shampoo,1,356.94,0.15,303.4,182.51,120.89,E-wallet,Normal,4.3
574,2025-06-06,A,Aurangabad,Electronics,USB Cable,2,2357.79,0.0,4715.58,3650.67,1064.91,Cash,Member,4.0
575,2025-05-08,C,Nashik,Food & Beverages,Milk,2,308.68,0.1,555.62,402.97,152.66,Cash,Member,4.6
576,2025-05-02,C,Nashik,Electronics,Power Bank,3,4857.29,0.0,14571.87,8836.71,5735.16,E-wallet,Normal,2.9
577,2025-05-16,C,Nashik,Home & Lifestyle,Detergent,5,698.97,0.0,3494.85,2527.61,967.24,UPI,Member,4.2
578,2025-01-03,A,Aurangabad,Health & Beauty,Perfume,7,837.71,0.0,5863.97,3822.1,2041.87,Cash,Member,4.5
579,2025-01-15,B,Pune,Electronics,Mouse,3,474.34,0.0,1423.02,1078.05,344.97,E-wallet,Normal,3.3
580,2025-02-22,B,Pune,Electronics,Power Bank,6,2780.62,0.1,15015.35,9799.37,5215.98,UPI,Normal,4.7
581,2025-05-19,C,Nashik,Health & Beauty,Toothpaste,5,879.52,0.0,4397.6,2945.11,1452.49,E-wallet,Member,4.3
582,2025-03-19,A,Aurangabad,Electronics,Keyboard,6,431.09,0.15,2198.56,1340.02,858.54,UPI,Member,3.9
583,2025-05-27,C,Nashik,Food & Beverages,Rice,5,230.64,0.0,1153.2,753.28,399.92,Cash,Normal,4.4
584,2025-05-14,B,Pune,Home & Lifestyle,Towel,4,313.32,0.0,1253.28,895.22,358.06,Credit Card,Member,5.0
585,2025-02-03,B,Pune,Home & Lifestyle,Soap,8,663.55,0.0,5308.4,3438.38,1870.02,UPI,Member,4.2
586,2025-04-23,B,Pune,Food & Beverages,Rice,7,218.24,0.1,1374.91,957.47,417.44,UPI,Normal,4.2
587,2025-02-24,A,Aurangabad,Home & Lifestyle,Towel,3,455.32,0.15,1161.07,670.11,490.95,UPI,Normal,3.8
588,2025-01-11,A,Aurangabad,Home & Lifestyle,Towel,6,177.39,0.05,1011.12,689.09,322.04,Credit Card,Member,3.6
589,2025-03-20,B,Pune,Electronics,Power Bank,5,971.49,0.1,4371.7,2453.36,1918.35,E-wallet,Member,4.6
590,2025-03-28,A,Aurangabad,Health & Beauty,Face Wash,2,608.54,0.05,1156.23,786.38,369.85,UPI,Normal,3.6
591,2025-06-20,C,Nashik,Home & Lifestyle,Shampoo,8,627.12,0.0,5016.96,3682.23,1334.73,UPI,Normal,4.1
592,2025-05-27,A,Aurangabad,Health & Beauty,Moisturizer,1,796.34,0.0,796.34,567.52,228.82,E-wallet,Member,3.8
593,2025-05-17,C,Nashik,Food & Beverages,Milk,1,336.33,0.0,336.33,194.29,142.04,Credit Card,Member,4.4
594,2025-01-06,B,Pune,Home & Lifestyle,Shampoo,8,517.51,0.1,3726.07,2788.05,938.02,E-wallet,Normal,4.3
595,2025-03-07,A,Aurangabad,Health & Beauty,Face Wash,6,677.63,0.05,3862.49,2252.33,1610.16,Cash,Member,4.7
596,2025-02-06,B,Pune,Health & Beauty,Toothpaste,1,126.69,0.1,114.02,65.3,48.72,UPI,Normal,3.8
597,2025-01-30,B,Pune,Health & Beauty,Face Wash,1,622.0,0.15,528.7,337.61,191.09,E-wallet,Member,4.0
598,2025-05-31,B,Pune,Health & Beauty,Hand Wash,7,1101.66,0.0,7711.62,4718.79,2992.83,Cash,Member,3.6
599,2025-02-13,C,Nashik,Home & Lifestyle,Soap,7,773.95,0.0,5417.65,3444.87,1972.78,Credit Card,Normal,3.9
600,2025-05-04,C,Nashik,Health & Beauty,Face Wash,1,804.49,0.0,804.49,442.57,361.92,E-wallet,Normal,4.3
601,2025-01-23,C,Nashik,Health & Beauty,Moisturizer,4,902.67,0.15,3069.08,1737.36,1331.72,UPI,Member,4.5
602,2025-04-26,A,Aurangabad,Electronics,Mouse,4,1796.03,0.05,6824.91,4750.75,2074.17,E-wallet,Member,3.6
603,2025-01-02,C,Nashik,Electronics,Power Bank,4,374.61,0.0,1498.44,1033.95,464.49,Cash,Member,4.6
604,2025-04-01,B,Pune,Health & Beauty,Perfume,2,95.28,0.1,171.5,120.84,50.66,UPI,Normal,4.8
605,2025-06-24,B,Pune,Home & Lifestyle,Detergent,2,847.72,0.0,1695.44,1228.24,467.2,E-wallet,Member,4.3
606,2025-02-20,A,Aurangabad,Electronics,USB Cable,4,472.94,0.15,1608.0,961.73,646.27,UPI,Member,5.0
607,2025-01-17,B,Pune,Health & Beauty,Toothpaste,4,704.26,0.0,2817.04,1930.46,886.58,Credit Card,Normal,3.7
608,2025-06-24,C,Nashik,Home & Lifestyle,Towel,5,635.94,0.15,2702.75,1868.48,834.27,UPI,Member,3.4
609,2025-01-12,B,Pune,Food & Beverages,Rice,7,300.19,0.1,1891.2,1197.39,693.81,Credit Card,Member,3.1
610,2025-02-27,B,Pune,Health & Beauty,Hand Wash,8,1063.31,0.0,8506.48,6616.01,1890.47,UPI,Member,4.9
611,2025-06-10,A,Aurangabad,Home & Lifestyle,Shampoo,6,593.32,0.0,3559.92,2443.11,1116.81,E-wallet,Normal,4.5
612,2025-06-03,A,Aurangabad,Food & Beverages,Biscuits,4,336.82,0.0,1347.28,1033.39,313.89,UPI,Member,4.1
613,2025-01-16,C,Nashik,Health & Beauty,Hand Wash,2,417.14,0.0,834.28,609.03,225.25,UPI,Member,4.3
614,2025-04-16,B,Pune,Health & Beauty,Face Wash,2,494.86,0.0,989.72,684.87,304.85,Credit Card,Member,3.5
615,2025-03-26,B,Pune,Health & Beauty,Perfume,7,1128.85,0.0,7901.95,5171.33,2730.62,Credit Card,Member,5.0
616,2025-04-18,A,Aurangabad,Food & Beverages,Juice,2,219.72,0.15,373.52,227.46,146.07,UPI,Normal,4.2
617,2025-05-19,A,Aurangabad,Home & Lifestyle,Shampoo,1,335.57,0.05,318.79,198.15,120.64,Credit Card,Member,4.2
618,2025-05-10,B,Pune,Electronics,Keyboard,6,2733.1,0.0,16398.6,9235.41,7163.19,Cash,Normal,4.5
619,2025-03-26,B,Pune,Home & Lifestyle,Shampoo,4,360.07,0.1,1296.25,891.75,404.5,E-wallet,Normal,4.4
620,2025-06-27,B,Pune,Electronics,USB Cable,2,498.3,0.0,996.6,694.55,302.05,Credit Card,Normal,4.2
621,2025-01-02,C,Nashik,Home & Lifestyle,Shampoo,8,861.12,0.0,6888.96,4423.21,2465.75,E-wallet,Member,3.7
622,2025-01-08,A,Aurangabad,Electronics,Headphones,2,3267.27,0.05,6207.81,3476.98,2730.83,Credit Card,Member,4.4
623,2025-03-09,B,Pune,Home & Lifestyle,Shampoo,5,358.65,0.0,1793.25,1058.91,734.34,Cash,Member,5.0
624,2025-05-15,C,Nashik,Home & Lifestyle,Kitchen Set,2,252.39,0.05,479.54,336.64,142.9,UPI,Member,4.8
625,2025-06-07,A,Aurangabad,Home & Lifestyle,Shampoo,4,390.12,0.0,1560.48,1188.83,371.65,Credit Card,Normal,5.0
626,2025-02-23,A,Aurangabad,Electronics,USB Cable,1,894.36,0.15,760.21,573.0,187.21,Cash,Normal,3.8
627,2025-04-06,C,Nashik,Food & Beverages,Milk,7,270.42,0.1,1703.65,1007.14,696.5,UPI,Normal,3.6
628,2025-03-02,B,Pune,Electronics,Keyboard,7,3353.77,0.0,23476.39,15353.05,8123.34,UPI,Member,4.0
629,2025-05-13,B,Pune,Health & Beauty,Perfume,3,213.14,0.0,639.42,395.07,244.35,E-wallet,Member,4.1
630,2025-01-07,C,Nashik,Food & Beverages,Biscuits,6,166.35,0.05,948.19,581.05,367.15,Credit Card,Normal,4.7
631,2025-02-28,A,Aurangabad,Electronics,Headphones,6,2658.3,0.0,15949.8,11655.33,4294.47,Cash,Member,3.2
632,2025-06-04,A,Aurangabad,Electronics,Headphones,4,1475.11,0.05,5605.42,3328.76,2276.65,Credit Card,Normal,4.9
633,2025-05-12,A,Aurangabad,Electronics,Power Bank,6,2207.06,0.0,13242.36,8720.9,4521.46,Credit Card,Normal,4.0
634,2025-01-22,A,Aurangabad,Home & Lifestyle,Shampoo,8,561.34,0.1,4041.65,2539.58,1502.07,E-wallet,Member,3.9
635,2025-01-03,B,Pune,Health & Beauty,Toothpaste,8,718.36,0.0,5746.88,3564.68,2182.2,UPI,Normal,3.5
636,2025-05-26,B,Pune,Home & Lifestyle,Kitchen Set,7,410.76,0.05,2731.55,1871.11,860.44,Cash,Member,3.2
637,2025-03-26,A,Aurangabad,Electronics,Keyboard,7,2135.99,0.0,14951.93,9856.3,5095.63,UPI,Normal,4.6
638,2025-04-09,A,Aurangabad,Home & Lifestyle,Detergent,3,645.0,0.0,1935.0,1469.84,465.16,E-wallet,Member,4.1
639,2025-01-29,A,Aurangabad,Electronics,Keyboard,2,351.92,0.1,633.46,405.38,228.07,Credit Card,Normal,3.4
640,2025-05-28,B,Pune,Food & Beverages,Biscuits,4,71.58,0.1,257.69,151.14,106.55,E-wallet,Member,3.4
641,2025-05-26,C,Nashik,Health & Beauty,Moisturizer,4,515.13,0.0,2060.52,1382.5,678.02,UPI,Normal,3.9
642,2025-02-14,B,Pune,Food & Beverages,Bread,5,236.82,0.05,1124.89,719.88,405.02,UPI,Member,5.0
643,2025-02-10,A,Aurangabad,Health & Beauty,Perfume,7,508.65,0.0,3560.55,2154.6,1405.95,E-wallet,Normal,4.0
644,2025-03-25,C,Nashik,Food & Beverages,Milk,8,161.61,0.0,1292.88,861.07,431.81,UPI,Normal,3.3
645,2025-04-13,A,Aurangabad,Electronics,USB Cable,1,3564.08,0.1,3207.67,2017.76,1189.91,Credit Card,Normal,4.0
646,2025-05-21,A,Aurangabad,Food & Beverages,Rice,2,256.91,0.1,462.44,261.6,200.84,Credit Card,Normal,4.0
647,2025-02-13,A,Aurangabad,Health & Beauty,Moisturizer,3,395.32,0.15,1008.07,726.34,281.72,Cash,Member,2.6
648,2025-01-13,C,Nashik,Electronics,USB Cable,8,461.89,0.0,3695.12,2408.01,1287.11,Cash,Normal,4.1
649,2025-03-03,C,Nashik,Electronics,Mouse,1,2073.76,0.0,2073.76,1319.26,754.5,Credit Card,Member,4.0
650,2025-06-20,A,Aurangabad,Health & Beauty,Face Wash,1,311.45,0.0,311.45,228.38,83.07,Credit Card,Member,4.5
651,2025-04-20,A,Aurangabad,Health & Beauty,Hand Wash,2,772.13,0.15,1312.62,841.21,471.41,Cash,Member,5.0
652,2025-06-18,A,Aurangabad,Food & Beverages,Rice,6,85.56,0.1,462.02,277.5,184.52,E-wallet,Normal,4.7
653,2025-05-26,A,Aurangabad,Food & Beverages,Milk,7,126.49,0.15,752.62,550.91,201.71,Credit Card,Normal,4.0
654,2025-01-05,A,Aurangabad,Electronics,Mouse,3,4454.65,0.1,12027.55,6801.92,5225.63,UPI,Normal,3.5
655,2025-06-08,C,Nashik,Home & Lifestyle,Towel,1,585.41,0.1,526.87,381.54,145.33,Cash,Member,5.0
656,2025-04-24,A,Aurangabad,Electronics,Mouse,5,3317.58,0.15,14099.72,10960.65,3139.06,E-wallet,Member,4.1
657,2025-02-22,B,Pune,Electronics,Headphones,7,411.36,0.05,2735.54,1720.19,1015.36,Cash,Member,4.1
658,2025-02-19,C,Nashik,Home & Lifestyle,Towel,7,230.51,0.1,1452.21,822.09,630.12,Cash,Member,4.1
659,2025-04-30,A,Aurangabad,Home & Lifestyle,Detergent,3,761.6,0.0,2284.8,1480.63,804.17,E-wallet,Member,4.2
660,2025-05-04,C,Nashik,Home & Lifestyle,Shampoo,7,284.15,0.0,1989.05,1218.35,770.7,Cash,Normal,4.0
661,2025-04-08,B,Pune,Health & Beauty,Toothpaste,8,926.77,0.1,6672.74,3700.41,2972.33,UPI,Member,3.8
662,2025-03-27,B,Pune,Home & Lifestyle,Towel,3,460.19,0.15,1173.48,775.2,398.29,Credit Card,Normal,3.8
663,2025-04-06,A,Aurangabad,Home & Lifestyle,Shampoo,1,490.57,0.1,441.51,338.32,103.2,UPI,Normal,4.1
664,2025-03-31,B,Pune,Food & Beverages,Biscuits,1,347.59,0.1,312.83,240.92,71.91,UPI,Normal,3.8
665,2025-06-15,C,Nashik,Food & Beverages,Biscuits,7,265.41,0.0,1857.87,1319.87,538.0,Credit Card,Normal,3.7
666,2025-06-14,C,Nashik,Health & Beauty,Toothpaste,5,244.03,0.0,1220.15,887.44,332.71,UPI,Normal,4.2
667,2025-06-18,C,Nashik,Food & Beverages,Juice,4,310.32,0.15,1055.09,815.13,239.96,UPI,Normal,4.0
668,2025-04-12,C,Nashik,Health & Beauty,Face Wash,2,222.69,0.0,445.38,340.23,105.15,E-wallet,Member,4.9
669,2025-04-06,A,Aurangabad,Health & Beauty,Face Wash,2,806.15,0.1,1451.07,855.04,596.03,Credit Card,Member,2.6
670,2025-02-19,A,Aurangabad,Health & Beauty,Toothpaste,2,127.24,0.0,254.48,187.33,67.15,E-wallet,Normal,4.7
671,2025-05-05,B,Pune,Food & Beverages,Milk,2,123.8,0.15,210.46,127.12,83.34,Cash,Member,4.8
672,2025-05-02,A,Aurangabad,Electronics,Headphones,1,334.13,0.05,317.42,242.64,74.79,E-wallet,Normal,3.0
673,2025-03-26,B,Pune,Electronics,Power Bank,6,3425.87,0.0,20555.22,15916.32,4638.9,Cash,Member,3.9
674,2025-06-08,B,Pune,Health & Beauty,Toothpaste,1,857.16,0.0,857.16,544.07,313.09,UPI,Normal,3.9
675,2025-03-01,C,Nashik,Home & Lifestyle,Detergent,6,375.37,0.05,2139.61,1510.4,629.21,UPI,Normal,3.3
676,2025-03-17,C,Nashik,Food & Beverages,Rice,7,330.51,0.0,2313.57,1663.19,650.38,Credit Card,Member,3.7
677,2025-04-25,C,Nashik,Food & Beverages,Milk,8,284.98,0.1,2051.86,1207.83,844.03,Cash,Normal,3.5
678,2025-03-25,C,Nashik,Home & Lifestyle,Shampoo,4,854.25,0.0,3417.0,2005.28,1411.72,UPI,Normal,5.0
679,2025-05-28,A,Aurangabad,Electronics,Mouse,2,3277.68,0.05,6227.59,4674.1,1553.5,Cash,Normal,4.6
680,2025-06-01,B,Pune,Health & Beauty,Hand Wash,7,159.96,0.0,1119.72,703.47,416.25,Credit Card,Member,4.8
681,2025-04-10,C,Nashik,Electronics,USB Cable,6,307.89,0.15,1570.24,932.2,638.04,UPI,Normal,4.5
682,2025-05-08,B,Pune,Home & Lifestyle,Towel,4,87.53,0.05,332.61,246.99,85.63,UPI,Member,3.5
683,2025-02-25,C,Nashik,Electronics,USB Cable,1,4954.58,0.15,4211.39,2779.54,1431.85,UPI,Normal,3.8
684,2025-01-14,C,Nashik,Health & Beauty,Face Wash,6,1125.25,0.0,6751.5,4800.95,1950.55,Credit Card,Normal,4.4
685,2025-04-11,C,Nashik,Health & Beauty,Moisturizer,3,832.8,0.05,2373.48,1719.05,654.43,Cash,Normal,3.4
686,2025-03-19,B,Pune,Home & Lifestyle,Towel,7,345.2,0.0,2416.4,1801.32,615.08,UPI,Member,4.5
687,2025-05-28,C,Nashik,Home & Lifestyle,Kitchen Set,8,198.75,0.0,1590.0,1006.97,583.03,Cash,Member,4.0
688,2025-06-01,B,Pune,Health & Beauty,Toothpaste,1,119.82,0.15,101.85,71.24,30.6,UPI,Member,3.9
689,2025-04-07,C,Nashik,Health & Beauty,Toothpaste,1,739.62,0.0,739.62,517.84,221.78,Cash,Normal,4.5
690,2025-05-31,C,Nashik,Health & Beauty,Moisturizer,8,617.71,0.15,4200.43,2527.54,1672.88,UPI,Normal,4.3
691,2025-01-17,C,Nashik,Food & Beverages,Juice,3,152.87,0.0,458.61,262.72,195.89,Credit Card,Normal,3.9
692,2025-02-23,C,Nashik,Food & Beverages,Biscuits,8,50.46,0.0,403.68,291.98,111.7,Cash,Member,4.7
693,2025-03-07,C,Nashik,Home & Lifestyle,Detergent,8,180.9,0.0,1447.2,825.19,622.01,Cash,Member,3.5
694,2025-03-17,A,Aurangabad,Electronics,Power Bank,3,300.4,0.15,766.02,580.69,185.33,UPI,Member,4.4
695,2025-02-18,C,Nashik,Health & Beauty,Moisturizer,6,815.38,0.0,4892.28,2957.55,1934.73,Credit Card,Normal,4.4
696,2025-04-08,A,Aurangabad,Home & Lifestyle,Towel,4,307.46,0.15,1045.36,636.25,409.11,Credit Card,Normal,3.9
697,2025-06-28,B,Pune,Food & Beverages,Rice,7,330.86,0.05,2200.22,1713.82,486.4,Credit Card,Normal,4.3
698,2025-02-01,C,Nashik,Home & Lifestyle,Kitchen Set,3,725.98,0.0,2177.94,1236.7,941.24,Cash,Normal,3.4
699,2025-04-07,A,Aurangabad,Electronics,Headphones,6,987.75,0.05,5630.18,3109.37,2520.81,Credit Card,Normal,4.6
700,2025-05-22,A,Aurangabad,Food & Beverages,Milk,5,218.42,0.15,928.28,695.32,232.96,E-wallet,Member,4.0
701,2025-04-14,A,Aurangabad,Home & Lifestyle,Soap,7,740.99,0.15,4408.89,3027.86,1381.03,UPI,Member,3.8
702,2025-03-05,B,Pune,Food & Beverages,Juice,3,240.42,0.05,685.2,488.36,196.84,UPI,Normal,4.7
703,2025-01-23,A,Aurangabad,Health & Beauty,Moisturizer,8,1133.51,0.0,9068.08,5623.96,3444.12,E-wallet,Normal,3.7
704,2025-05-07,B,Pune,Food & Beverages,Bread,2,263.58,0.05,500.8,339.27,161.53,Cash,Normal,3.3
705,2025-02-18,C,Nashik,Home & Lifestyle,Kitchen Set,8,898.32,0.1,6467.9,3578.03,2889.88,Cash,Normal,3.2
706,2025-02-14,C,Nashik,Electronics,USB Cable,1,3470.25,0.15,2949.71,2235.51,714.2,Cash,Normal,4.4
707,2025-01-31,A,Aurangabad,Electronics,Headphones,7,4857.72,0.0,34004.04,25207.1,8796.94,E-wallet,Normal,3.4
708,2025-01-10,B,Pune,Electronics,Power Bank,4,2150.02,0.15,7310.07,5408.85,1901.22,UPI,Normal,5.0
709,2025-01-03,A,Aurangabad,Electronics,Headphones,8,324.23,0.0,2593.84,1666.48,927.36,Cash,Normal,3.0
710,2025-04-12,B,Pune,Home & Lifestyle,Detergent,3,828.75,0.05,2361.94,1421.89,940.05,E-wallet,Normal,5.0
711,2025-01-02,B,Pune,Health & Beauty,Toothpaste,5,244.49,0.05,1161.33,838.28,323.05,E-wallet,Member,4.2
712,2025-06-20,A,Aurangabad,Home & Lifestyle,Soap,1,425.27,0.0,425.27,326.66,98.61,E-wallet,Member,4.0
713,2025-04-10,B,Pune,Health & Beauty,Hand Wash,8,931.41,0.1,6706.15,4462.46,2243.69,Credit Card,Member,3.8
714,2025-06-02,A,Aurangabad,Food & Beverages,Milk,3,140.12,0.05,399.34,259.1,140.24,Cash,Normal,4.3
715,2025-01-30,B,Pune,Electronics,Power Bank,8,3202.78,0.0,25622.24,15562.37,10059.87,E-wallet,Member,4.1
716,2025-06-01,C,Nashik,Health & Beauty,Toothpaste,8,632.66,0.0,5061.28,3003.33,2057.95,Credit Card,Member,4.7
717,2025-01-14,A,Aurangabad,Home & Lifestyle,Kitchen Set,1,237.59,0.0,237.59,135.64,101.95,UPI,Normal,4.2
718,2025-04-04,C,Nashik,Electronics,USB Cable,4,2696.36,0.05,10246.17,5894.75,4351.42,E-wallet,Normal,4.2
719,2025-05-01,C,Nashik,Health & Beauty,Toothpaste,6,812.89,0.05,4633.47,2774.31,1859.16,E-wallet,Member,3.9
720,2025-02-03,B,Pune,Home & Lifestyle,Soap,8,329.57,0.15,2241.08,1629.73,611.35,E-wallet,Normal,4.1
721,2025-06-04,C,Nashik,Electronics,Keyboard,6,3046.34,0.0,18278.04,10601.48,7676.56,Cash,Member,4.3
722,2025-02-21,C,Nashik,Home & Lifestyle,Shampoo,8,141.4,0.1,1018.08,791.68,226.4,Credit Card,Member,3.2
723,2025-04-25,A,Aurangabad,Home & Lifestyle,Kitchen Set,5,702.67,0.05,3337.68,2522.72,814.96,Cash,Normal,3.4
724,2025-06-27,A,Aurangabad,Health & Beauty,Perfume,1,390.21,0.15,331.68,187.06,144.62,Credit Card,Normal,4.5
725,2025-01-01,B,Pune,Food & Beverages,Milk,8,270.23,0.05,2053.75,1227.3,826.44,Credit Card,Member,4.2
726,2025-05-22,C,Nashik,Food & Beverages,Juice,8,191.22,0.05,1453.27,1036.04,417.24,Cash,Member,4.0
727,2025-01-14,A,Aurangabad,Food & Beverages,Juice,4,123.39,0.0,493.56,302.16,191.4,Credit Card,Member,4.1
728,2025-02-04,C,Nashik,Food & Beverages,Bread,6,232.46,0.15,1185.55,724.05,461.5,UPI,Normal,4.3
729,2025-05-30,B,Pune,Food & Beverages,Bread,6,100.17,0.15,510.87,358.21,152.66,Cash,Normal,3.8
730,2025-03-01,C,Nashik,Electronics,Keyboard,4,1563.33,0.1,5627.99,3296.86,2331.13,UPI,Normal,3.7
731,2025-02-16,A,Aurangabad,Health & Beauty,Face Wash,8,275.3,0.1,1982.16,1520.26,461.9,E-wallet,Member,4.2
732,2025-04-14,B,Pune,Home & Lifestyle,Shampoo,7,234.04,0.1,1474.45,1119.26,355.2,Cash,Member,3.6
733,2025-01-22,C,Nashik,Food & Beverages,Juice,2,150.92,0.0,301.84,175.19,126.65,E-wallet,Member,4.3
734,2025-05-25,C,Nashik,Food & Beverages,Bread,2,203.56,0.0,407.12,268.9,138.22,UPI,Member,3.2
735,2025-01-27,B,Pune,Electronics,Mouse,3,1557.05,0.0,4671.15,3455.4,1215.75,E-wallet,Member,4.7
736,2025-06-25,C,Nashik,Health & Beauty,Toothpaste,1,228.01,0.05,216.61,130.39,86.22,UPI,Member,4.4
737,2025-01-22,B,Pune,Home & Lifestyle,Detergent,4,863.8,0.0,3455.2,2186.84,1268.36,Cash,Member,4.2
738,2025-03-15,A,Aurangabad,Health & Beauty,Hand Wash,6,820.69,0.05,4677.93,3245.06,1432.88,E-wallet,Member,4.6
739,2025-02-07,B,Pune,Health & Beauty,Moisturizer,5,62.48,0.0,312.4,227.71,84.69,E-wallet,Member,5.0
740,2025-02-16,B,Pune,Health & Beauty,Perfume,2,224.92,0.05,427.35,332.82,94.53,UPI,Normal,4.7
741,2025-05-21,B,Pune,Health & Beauty,Perfume,8,440.15,0.0,3521.2,2246.99,1274.21,UPI,Normal,3.1
742,2025-03-02,C,Nashik,Home & Lifestyle,Kitchen Set,2,425.91,0.0,851.82,606.25,245.57,E-wallet,Member,3.4
743,2025-02-06,A,Aurangabad,Food & Beverages,Rice,8,336.44,0.0,2691.52,1662.77,1028.75,UPI,Member,3.8
744,2025-06-29,A,Aurangabad,Home & Lifestyle,Detergent,3,650.54,0.1,1756.46,1116.21,640.25,Cash,Member,4.1
745,2025-02-16,B,Pune,Home & Lifestyle,Detergent,3,144.77,0.1,390.88,228.44,162.44,UPI,Member,4.4
746,2025-06-14,C,Nashik,Electronics,Mouse,7,3330.78,0.0,23315.46,13659.46,9656.0,Cash,Member,3.7
747,2025-05-09,C,Nashik,Home & Lifestyle,Detergent,7,637.52,0.05,4239.51,3227.98,1011.53,E-wallet,Member,4.2
748,2025-04-11,B,Pune,Home & Lifestyle,Soap,2,881.9,0.15,1499.23,843.89,655.34,Credit Card,Member,3.7
749,2025-02-19,C,Nashik,Health & Beauty,Perfume,6,122.33,0.05,697.28,487.21,210.07,E-wallet,Member,3.8
750,2025-03-21,A,Aurangabad,Food & Beverages,Rice,6,38.98,0.15,198.8,109.84,88.96,Credit Card,Member,3.3
751,2025-03-22,C,Nashik,Food & Beverages,Milk,5,57.21,0.1,257.44,144.3,113.15,Cash,Normal,3.6
752,2025-01-25,A,Aurangabad,Electronics,Power Bank,7,2136.01,0.0,14952.07,10640.06,4312.01,E-wallet,Normal,3.4
753,2025-02-08,C,Nashik,Food & Beverages,Juice,3,37.58,0.0,112.74,69.53,43.21,UPI,Member,3.6
754,2025-06-05,C,Nashik,Food & Beverages,Milk,4,288.39,0.15,980.53,655.73,324.8,E-wallet,Normal,4.7
755,2025-06-06,A,Aurangabad,Electronics,Power Bank,6,488.06,0.1,2635.52,1594.48,1041.04,Cash,Member,3.6
756,2025-04-27,C,Nashik,Health & Beauty,Face Wash,1,1164.6,0.0,1164.6,774.17,390.43,E-wallet,Member,5.0
757,2025-05-02,B,Pune,Home & Lifestyle,Detergent,5,369.76,0.1,1663.92,1013.87,650.05,E-wallet,Normal,4.4
758,2025-05-12,C,Nashik,Home & Lifestyle,Detergent,8,784.38,0.0,6275.04,4087.5,2187.54,E-wallet,Normal,4.2
759,2025-03-04,A,Aurangabad,Health & Beauty,Hand Wash,8,767.5,0.0,6140.0,4423.5,1716.5,Cash,Member,3.6
760,2025-04-30,A,Aurangabad,Electronics,Mouse,3,1348.34,0.0,4045.02,2549.4,1495.62,UPI,Member,4.5
761,2025-06-29,A,Aurangabad,Home & Lifestyle,Detergent,7,243.57,0.15,1449.24,959.18,490.06,UPI,Member,3.8
762,2025-01-16,B,Pune,Health & Beauty,Face Wash,3,707.76,0.15,1804.79,1314.01,490.78,E-wallet,Normal,4.2
763,2025-01-18,B,Pune,Home & Lifestyle,Detergent,4,861.17,0.0,3444.68,1960.8,1483.88,E-wallet,Normal,5.0
764,2025-04-20,A,Aurangabad,Electronics,Mouse,7,1519.4,0.0,10635.8,8038.96,2596.84,E-wallet,Normal,4.0
765,2025-06-27,A,Aurangabad,Home & Lifestyle,Soap,7,519.12,0.1,3270.46,2065.55,1204.9,UPI,Member,4.7
766,2025-04-28,C,Nashik,Home & Lifestyle,Detergent,3,888.82,0.05,2533.14,1401.49,1131.65,Credit Card,Normal,3.7
767,2025-06-13,B,Pune,Food & Beverages,Biscuits,5,196.62,0.0,983.1,684.13,298.97,Cash,Member,4.1
768,2025-04-05,A,Aurangabad,Home & Lifestyle,Kitchen Set,3,257.23,0.15,655.94,504.86,151.08,E-wallet,Member,5.0
769,2025-04-20,B,Pune,Electronics,Keyboard,2,2443.19,0.05,4642.06,3437.37,1204.69,E-wallet,Member,3.8
770,2025-06-29,A,Aurangabad,Health & Beauty,Perfume,6,494.98,0.1,2672.89,1859.92,812.97,Cash,Member,5.0
771,2025-01-09,A,Aurangabad,Food & Beverages,Bread,7,63.18,0.1,398.03,265.0,133.03,E-wallet,Normal,4.5
772,2025-06-15,A,Aurangabad,Home & Lifestyle,Kitchen Set,7,782.2,0.1,4927.86,3178.35,1749.51,UPI,Member,3.8
773,2025-01-02,B,Pune,Home & Lifestyle,Towel,5,620.12,0.1,2790.54,1966.94,823.6,UPI,Member,4.4
774,2025-04-21,A,Aurangabad,Food & Beverages,Milk,6,299.05,0.0,1794.3,1382.7,411.6,Credit Card,Normal,4.6
775,2025-04-22,A,Aurangabad,Health & Beauty,Face Wash,7,258.04,0.05,1715.97,1147.94,568.03,Credit Card,Member,4.4
776,2025-02-10,C,Nashik,Home & Lifestyle,Towel,2,723.11,0.05,1373.91,1020.25,353.66,E-wallet,Member,3.2
777,2025-01-21,A,Aurangabad,Food & Beverages,Bread,7,33.69,0.15,200.46,152.69,47.76,UPI,Member,3.7
778,2025-04-07,C,Nashik,Home & Lifestyle,Kitchen Set,6,615.07,0.0,3690.42,2646.22,1044.2,E-wallet,Member,4.0
779,2025-02-06,B,Pune,Food & Beverages,Milk,1,234.28,0.15,199.14,115.15,83.99,E-wallet,Normal,4.1
780,2025-05-05,A,Aurangabad,Food & Beverages,Bread,8,300.28,0.0,2402.24,1549.83,852.41,Cash,Member,4.4
781,2025-06-11,C,Nashik,Health & Beauty,Perfume,6,400.58,0.0,2403.48,1686.58,716.9,Cash,Member,4.2
782,2025-05-13,B,Pune,Electronics,Mouse,1,4654.94,0.0,4654.94,3134.03,1520.91,Credit Card,Member,3.4
783,2025-02-21,B,Pune,Food & Beverages,Milk,1,134.81,0.05,128.07,78.5,49.57,Cash,Normal,4.3
784,2025-03-13,C,Nashik,Electronics,Mouse,8,4635.04,0.0,37080.32,26253.73,10826.59,UPI,Member,4.4
785,2025-06-09,C,Nashik,Electronics,USB Cable,4,4449.43,0.05,16907.83,12472.15,4435.68,Cash,Normal,4.4
786,2025-03-06,B,Pune,Home & Lifestyle,Towel,6,598.81,0.0,3592.86,2767.8,825.06,UPI,Normal,4.7
787,2025-06-18,C,Nashik,Electronics,Mouse,1,2318.12,0.0,2318.12,1313.7,1004.42,E-wallet,Normal,4.6
788,2025-05-24,A,Aurangabad,Electronics,Headphones,1,1845.69,0.05,1753.41,1326.82,426.58,Cash,Normal,4.4
789,2025-06-15,B,Pune,Home & Lifestyle,Towel,4,308.0,0.0,1232.0,840.23,391.77,UPI,Normal,4.1
790,2025-02-13,B,Pune,Electronics,USB Cable,4,519.92,0.0,2079.68,1203.18,876.5,E-wallet,Normal,3.2
791,2025-04-14,A,Aurangabad,Food & Beverages,Rice,1,235.97,0.05,224.17,130.05,94.12,Cash,Member,4.3
792,2025-05-23,B,Pune,Food & Beverages,Bread,8,60.44,0.05,459.34,294.94,164.41,E-wallet,Normal,4.2
793,2025-06-08,C,Nashik,Food & Beverages,Biscuits,5,252.87,0.0,1264.35,940.56,323.79,Cash,Member,4.2
794,2025-04-05,A,Aurangabad,Food & Beverages,Bread,3,63.64,0.0,190.92,108.87,82.05,Cash,Member,3.4
795,2025-02-13,B,Pune,Food & Beverages,Bread,1,333.09,0.1,299.78,183.49,116.29,Credit Card,Normal,3.5
796,2025-05-14,A,Aurangabad,Home & Lifestyle,Soap,3,807.99,0.1,2181.57,1535.16,646.41,Credit Card,Normal,4.7
797,2025-03-04,C,Nashik,Health & Beauty,Moisturizer,6,933.47,0.0,5600.82,3535.19,2065.63,Credit Card,Member,4.1
798,2025-06-01,A,Aurangabad,Health & Beauty,Face Wash,4,274.23,0.0,1096.92,689.2,407.72,E-wallet,Normal,4.5
799,2025-04-13,C,Nashik,Health & Beauty,Toothpaste,2,1171.57,0.15,1991.67,1330.63,661.04,Credit Card,Member,4.1
800,2025-03-03,B,Pune,Health & Beauty,Toothpaste,5,585.49,0.0,2927.45,2111.73,815.72,Cash,Normal,4.1
801,2025-02-24,A,Aurangabad,Electronics,Headphones,8,1548.22,0.0,12385.76,7821.83,4563.93,Credit Card,Normal,4.6
802,2025-02-18,C,Nashik,Health & Beauty,Hand Wash,6,799.43,0.1,4316.92,2566.86,1750.06,UPI,Member,3.8
803,2025-01-14,C,Nashik,Electronics,Keyboard,8,534.4,0.0,4275.2,2567.27,1707.93,Cash,Normal,4.2
804,2025-06-27,A,Aurangabad,Food & Beverages,Juice,2,118.15,0.1,212.67,121.92,90.75,E-wallet,Normal,3.8
805,2025-06-29,A,Aurangabad,Home & Lifestyle,Shampoo,6,658.8,0.0,3952.8,2631.56,1321.24,UPI,Normal,3.9
806,2025-04-20,C,Nashik,Home & Lifestyle,Shampoo,6,216.65,0.0,1299.9,914.07,385.83,E-wallet,Member,3.9
807,2025-03-05,A,Aurangabad,Electronics,Headphones,3,3091.82,0.15,7884.14,4338.1,3546.04,UPI,Member,4.2
808,2025-03-27,A,Aurangabad,Food & Beverages,Juice,5,297.31,0.0,1486.55,851.79,634.76,UPI,Normal,3.8
809,2025-05-13,C,Nashik,Electronics,Keyboard,5,2456.13,0.05,11666.62,8322.22,3344.4,UPI,Member,4.8
810,2025-06-28,B,Pune,Food & Beverages,Milk,7,304.0,0.0,2128.0,1453.09,674.91,UPI,Normal,3.6
811,2025-05-15,A,Aurangabad,Food & Beverages,Milk,7,234.39,0.1,1476.66,1147.49,329.17,Credit Card,Normal,4.0
812,2025-03-29,C,Nashik,Electronics,Power Bank,7,1598.36,0.15,9510.24,6368.23,3142.01,Cash,Normal,3.9
813,2025-03-16,B,Pune,Electronics,Power Bank,2,3521.98,0.0,7043.96,4721.8,2322.16,Credit Card,Normal,4.9
814,2025-01-02,B,Pune,Electronics,Headphones,5,1630.18,0.0,8150.9,5398.54,2752.36,UPI,Normal,4.2
815,2025-01-23,C,Nashik,Food & Beverages,Bread,5,74.07,0.15,314.8,184.36,130.43,E-wallet,Member,4.7
816,2025-01-26,C,Nashik,Home & Lifestyle,Kitchen Set,2,106.35,0.1,191.43,123.89,67.54,E-wallet,Normal,3.3
817,2025-04-17,C,Nashik,Electronics,USB Cable,7,3017.39,0.0,21121.73,12831.55,8290.18,Credit Card,Normal,4.2
818,2025-06-27,B,Pune,Food & Beverages,Rice,8,204.67,0.0,1637.36,1098.85,538.51,E-wallet,Normal,4.6
819,2025-02-05,B,Pune,Electronics,Mouse,8,430.06,0.1,3096.43,1766.01,1330.42,E-wallet,Member,4.1
820,2025-05-13,C,Nashik,Electronics,USB Cable,5,891.9,0.1,4013.55,2952.85,1060.7,UPI,Member,4.7
821,2025-02-01,A,Aurangabad,Food & Beverages,Rice,2,136.71,0.05,259.75,194.5,65.25,Cash,Member,3.8
822,2025-01-02,C,Nashik,Home & Lifestyle,Towel,8,813.94,0.05,6185.94,4425.44,1760.5,UPI,Member,4.9
823,2025-05-10,A,Aurangabad,Food & Beverages,Bread,3,223.21,0.1,602.67,334.88,267.78,UPI,Normal,5.0
824,2025-06-24,A,Aurangabad,Food & Beverages,Rice,7,184.79,0.05,1228.85,908.11,320.75,UPI,Member,3.9
825,2025-05-03,B,Pune,Home & Lifestyle,Detergent,3,690.57,0.15,1760.95,1049.67,711.28,E-wallet,Normal,3.9
826,2025-04-19,C,Nashik,Food & Beverages,Juice,8,147.55,0.1,1062.36,686.16,376.2,Credit Card,Member,4.9
827,2025-04-01,B,Pune,Health & Beauty,Face Wash,7,1078.27,0.15,6415.71,4184.52,2231.19,Credit Card,Normal,5.0
828,2025-05-15,C,Nashik,Health & Beauty,Moisturizer,1,633.65,0.05,601.97,456.04,145.92,UPI,Member,3.8
829,2025-01-18,A,Aurangabad,Home & Lifestyle,Soap,6,784.1,0.05,4469.37,3407.45,1061.92,UPI,Normal,3.9
830,2025-01-18,B,Pune,Home & Lifestyle,Towel,5,345.74,0.15,1469.39,1088.64,380.76,Cash,Member,3.9
831,2025-03-02,C,Nashik,Home & Lifestyle,Shampoo,2,489.54,0.0,979.08,759.48,219.6,Cash,Member,3.4
832,2025-06-05,C,Nashik,Health & Beauty,Perfume,2,914.93,0.1,1646.87,1194.92,451.95,Cash,Member,3.6
833,2025-03-15,B,Pune,Food & Beverages,Biscuits,7,72.63,0.1,457.57,297.71,159.86,Credit Card,Member,3.5
834,2025-01-02,C,Nashik,Home & Lifestyle,Kitchen Set,4,99.88,0.0,399.52,294.17,105.35,E-wallet,Normal,3.7
835,2025-05-27,C,Nashik,Food & Beverages,Rice,3,248.36,0.0,745.08,552.44,192.64,UPI,Normal,4.1
836,2025-01-31,B,Pune,Home & Lifestyle,Detergent,8,388.42,0.15,2641.26,1633.86,1007.4,UPI,Member,4.2
837,2025-02-10,A,Aurangabad,Electronics,Headphones,4,4192.3,0.05,15930.74,9010.89,6919.85,E-wallet,Member,5.0
838,2025-03-09,C,Nashik,Home & Lifestyle,Towel,5,126.45,0.1,569.02,435.58,133.44,Cash,Member,3.6
839,2025-06-19,B,Pune,Health & Beauty,Moisturizer,4,683.68,0.05,2597.98,1981.12,616.87,Cash,Member,4.6
840,2025-05-03,B,Pune,Food & Beverages,Juice,1,140.67,0.0,140.67,106.08,34.59,Credit Card,Normal,4.0
841,2025-01-15,C,Nashik,Food & Beverages,Bread,1,188.91,0.0,188.91,104.83,84.08,Cash,Member,4.1
842,2025-01-30,C,Nashik,Health & Beauty,Face Wash,8,549.88,0.1,3959.14,2677.94,1281.19,UPI,Member,4.5
843,2025-05-18,C,Nashik,Electronics,Power Bank,4,1419.4,0.0,5677.6,3419.27,2258.33,Cash,Member,3.5
844,2025-03-04,C,Nashik,Home & Lifestyle,Detergent,2,439.62,0.15,747.35,523.67,223.68,E-wallet,Member,4.3
845,2025-02-26,C,Nashik,Health & Beauty,Perfume,2,294.68,0.05,559.89,423.53,136.36,UPI,Normal,4.2
846,2025-06-09,B,Pune,Electronics,USB Cable,5,790.58,0.1,3557.61,2533.96,1023.65,UPI,Normal,4.4
847,2025-03-02,A,Aurangabad,Home & Lifestyle,Shampoo,4,533.43,0.0,2133.72,1191.15,942.57,UPI,Normal,4.3
848,2025-06-06,A,Aurangabad,Food & Beverages,Biscuits,1,116.5,0.0,116.5,71.55,44.95,UPI,Normal,5.0
849,2025-01-09,A,Aurangabad,Health & Beauty,Perfume,8,551.44,0.0,4411.52,3096.41,1315.11,E-wallet,Member,3.7
850,2025-01-15,C,Nashik,Electronics,Power Bank,4,4197.43,0.1,15110.75,11030.86,4079.89,Cash,Normal,3.8
851,2025-03-02,C,Nashik,Electronics,Keyboard,8,3914.36,0.1,28183.39,18530.2,9653.19,Credit Card,Member,3.8
852,2025-06-18,B,Pune,Electronics,Headphones,4,2984.09,0.05,11339.54,7180.08,4159.46,E-wallet,Member,3.8
853,2025-04-02,A,Aurangabad,Electronics,Keyboard,6,2385.9,0.0,14315.4,9409.24,4906.16,UPI,Member,3.7
854,2025-03-12,B,Pune,Food & Beverages,Juice,2,118.46,0.0,236.92,144.37,92.55,E-wallet,Normal,4.8
855,2025-04-23,A,Aurangabad,Home & Lifestyle,Shampoo,3,617.9,0.0,1853.7,1311.35,542.35,E-wallet,Member,4.9
856,2025-06-03,C,Nashik,Home & Lifestyle,Detergent,5,93.22,0.15,396.19,283.36,112.83,Credit Card,Normal,3.8
857,2025-04-20,A,Aurangabad,Food & Beverages,Juice,8,66.22,0.1,476.78,270.06,206.72,E-wallet,Member,3.6
858,2025-02-11,A,Aurangabad,Electronics,Keyboard,6,3364.3,0.05,19176.51,13290.1,5886.41,E-wallet,Member,4.4
859,2025-03-30,B,Pune,Home & Lifestyle,Towel,1,253.41,0.15,215.4,157.28,58.12,Credit Card,Normal,3.8
860,2025-05-28,C,Nashik,Food & Beverages,Milk,7,274.04,0.0,1918.28,1304.51,613.77,UPI,Member,4.4
861,2025-03-04,C,Nashik,Food & Beverages,Juice,8,240.94,0.15,1638.39,1011.55,626.84,E-wallet,Member,4.2
862,2025-04-01,B,Pune,Home & Lifestyle,Kitchen Set,6,174.64,0.1,943.06,597.17,345.88,Cash,Normal,3.3
863,2025-03-04,C,Nashik,Health & Beauty,Hand Wash,4,1002.53,0.0,4010.12,3059.38,950.74,UPI,Member,5.0
864,2025-02-20,C,Nashik,Electronics,Power Bank,6,2278.81,0.15,11621.93,7713.08,3908.85,Credit Card,Normal,5.0
865,2025-04-21,A,Aurangabad,Home & Lifestyle,Detergent,7,534.75,0.0,3743.25,2807.35,935.9,Cash,Member,3.8
866,2025-03-28,A,Aurangabad,Home & Lifestyle,Towel,7,370.58,0.05,2464.36,1422.86,1041.49,Cash,Member,3.9
867,2025-05-31,A,Aurangabad,Electronics,Mouse,7,2347.74,0.0,16434.18,11811.11,4623.07,Cash,Member,4.3
868,2025-05-07,A,Aurangabad,Electronics,Mouse,7,3695.91,0.0,25871.37,15611.32,10260.05,E-wallet,Member,4.3
869,2025-03-13,C,Nashik,Health & Beauty,Moisturizer,6,107.81,0.0,646.86,419.83,227.03,E-wallet,Member,4.5
870,2025-01-28,B,Pune,Electronics,USB Cable,2,1351.08,0.05,2567.05,1995.69,571.36,Credit Card,Normal,5.0
871,2025-01-07,A,Aurangabad,Food & Beverages,Milk,3,38.75,0.0,116.25,64.12,52.13,E-wallet,Member,4.0
872,2025-04-21,B,Pune,Health & Beauty,Perfume,3,865.21,0.0,2595.63,1692.9,902.73,UPI,Normal,3.7
873,2025-05-10,A,Aurangabad,Home & Lifestyle,Soap,2,738.99,0.0,1477.98,924.09,553.89,E-wallet,Normal,3.3
874,2025-06-10,B,Pune,Food & Beverages,Rice,1,168.68,0.15,143.38,100.66,42.72,Cash,Member,3.7
875,2025-05-08,A,Aurangabad,Home & Lifestyle,Towel,7,260.57,0.1,1641.59,1210.16,431.43,E-wallet,Member,4.1
876,2025-06-26,A,Aurangabad,Food & Beverages,Juice,4,31.02,0.0,124.08,69.35,54.73,E-wallet,Normal,5.0
877,2025-05-06,C,Nashik,Home & Lifestyle,Soap,8,862.55,0.05,6555.38,4612.59,1942.79,UPI,Normal,3.8
878,2025-03-25,C,Nashik,Health & Beauty,Moisturizer,2,930.89,0.1,1675.6,1295.16,380.44,Credit Card,Normal,4.2
879,2025-05-06,A,Aurangabad,Home & Lifestyle,Kitchen Set,6,365.01,0.1,1971.05,1464.94,506.11,UPI,Member,4.1
880,2025-04-16,A,Aurangabad,Electronics,Power Bank,4,585.78,0.05,2225.96,1569.86,656.11,UPI,Normal,4.8
881,2025-02-26,B,Pune,Health & Beauty,Moisturizer,1,993.12,0.05,943.46,616.04,327.42,Credit Card,Member,5.0
882,2025-06-30,C,Nashik,Food & Beverages,Juice,6,71.35,0.1,385.29,219.91,165.38,E-wallet,Normal,3.8
883,2025-02-11,C,Nashik,Food & Beverages,Bread,4,145.87,0.0,583.48,359.86,223.62,E-wallet,Normal,3.8
884,2025-05-05,B,Pune,Home & Lifestyle,Towel,4,109.58,0.0,438.32,291.63,146.69,Cash,Member,4.7
885,2025-02-03,B,Pune,Electronics,Headphones,4,458.76,0.1,1651.54,1157.25,494.28,E-wallet,Member,4.5
886,2025-04-11,A,Aurangabad,Food & Beverages,Juice,7,36.45,0.0,255.15,183.52,71.63,Credit Card,Normal,5.0
887,2025-03-16,B,Pune,Health & Beauty,Hand Wash,1,1164.96,0.15,990.22,651.98,338.24,UPI,Member,4.4
888,2025-04-11,A,Aurangabad,Health & Beauty,Hand Wash,5,338.86,0.0,1694.3,1318.89,375.41,E-wallet,Member,3.9
889,2025-06-11,B,Pune,Home & Lifestyle,Towel,1,270.33,0.05,256.81,160.88,95.93,Cash,Member,4.4
890,2025-05-26,C,Nashik,Home & Lifestyle,Shampoo,8,148.79,0.15,1011.77,724.73,287.04,Credit Card,Member,4.7
891,2025-01-02,B,Pune,Electronics,Mouse,5,471.6,0.15,2004.3,1289.77,714.53,E-wallet,Member,4.6
892,2025-01-21,C,Nashik,Health & Beauty,Hand Wash,8,868.11,0.15,5903.15,4000.01,1903.14,Cash,Normal,4.4
893,2025-01-30,C,Nashik,Food & Beverages,Biscuits,3,272.2,0.1,734.94,551.24,183.7,Cash,Normal,4.7
894,2025-03-17,B,Pune,Home & Lifestyle,Towel,8,796.86,0.0,6374.88,4144.69,2230.19,E-wallet,Normal,4.7
895,2025-03-06,C,Nashik,Electronics,Keyboard,3,1260.97,0.05,3593.76,2405.87,1187.89,UPI,Normal,4.9
896,2025-01-02,A,Aurangabad,Electronics,USB Cable,3,346.16,0.0,1038.48,683.54,354.94,E-wallet,Member,4.5
897,2025-02-27,A,Aurangabad,Food & Beverages,Juice,8,135.93,0.05,1033.07,719.39,313.68,E-wallet,Member,4.0
898,2025-06-14,A,Aurangabad,Electronics,Power Bank,7,3235.15,0.05,21513.75,14609.04,6904.71,Credit Card,Member,4.2
899,2025-04-09,C,Nashik,Home & Lifestyle,Detergent,4,295.61,0.15,1005.07,701.85,303.22,E-wallet,Normal,4.8
900,2025-02-12,C,Nashik,Health & Beauty,Toothpaste,3,1119.68,0.15,2855.18,1666.55,1188.63,UPI,Member,3.7
901,2025-03-03,B,Pune,Food & Beverages,Bread,3,193.75,0.15,494.06,358.1,135.97,UPI,Normal,4.3
902,2025-06-12,B,Pune,Health & Beauty,Moisturizer,5,750.13,0.0,3750.65,2887.0,863.65,E-wallet,Member,3.9
903,2025-04-30,B,Pune,Health & Beauty,Perfume,5,456.93,0.0,2284.65,1711.69,572.96,E-wallet,Normal,4.1
904,2025-05-31,A,Aurangabad,Home & Lifestyle,Kitchen Set,6,693.06,0.15,3534.61,2102.47,1432.14,E-wallet,Normal,4.8
905,2025-06-30,A,Aurangabad,Electronics,Power Bank,1,1592.27,0.0,1592.27,1240.41,351.86,E-wallet,Normal,4.2
906,2025-06-15,C,Nashik,Food & Beverages,Juice,1,306.22,0.1,275.6,162.59,113.0,Cash,Member,4.1
907,2025-06-13,B,Pune,Food & Beverages,Juice,3,255.8,0.0,767.4,431.96,335.44,Cash,Normal,3.4
908,2025-05-31,A,Aurangabad,Electronics,USB Cable,1,4528.43,0.0,4528.43,3433.98,1094.45,E-wallet,Member,4.5
909,2025-01-12,C,Nashik,Health & Beauty,Perfume,1,891.01,0.0,891.01,525.42,365.59,E-wallet,Member,4.5
910,2025-04-29,C,Nashik,Health & Beauty,Toothpaste,1,591.53,0.0,591.53,402.37,189.16,Cash,Member,5.0
911,2025-04-06,A,Aurangabad,Home & Lifestyle,Detergent,3,593.83,0.0,1781.49,1068.95,712.54,UPI,Member,3.9
912,2025-02-05,C,Nashik,Home & Lifestyle,Soap,4,685.25,0.05,2603.95,1538.78,1065.17,E-wallet,Normal,4.2
913,2025-04-04,A,Aurangabad,Home & Lifestyle,Soap,4,321.84,0.1,1158.62,731.89,426.74,E-wallet,Normal,4.2
914,2025-06-29,C,Nashik,Home & Lifestyle,Detergent,7,546.34,0.05,3633.16,2171.59,1461.57,E-wallet,Member,5.0
915,2025-04-30,C,Nashik,Home & Lifestyle,Soap,4,105.79,0.0,423.16,278.99,144.17,E-wallet,Normal,4.0
916,2025-03-27,C,Nashik,Health & Beauty,Hand Wash,1,1087.17,0.0,1087.17,703.32,383.85,E-wallet,Member,4.3
917,2025-06-27,A,Aurangabad,Electronics,Power Bank,3,402.22,0.1,1085.99,745.56,340.44,UPI,Normal,4.4
918,2025-05-10,B,Pune,Home & Lifestyle,Soap,6,475.7,0.0,2854.2,2070.81,783.39,Cash,Normal,4.2
919,2025-05-15,B,Pune,Electronics,Keyboard,7,1082.01,0.15,6437.96,4970.13,1467.83,Credit Card,Member,3.9
920,2025-06-18,A,Aurangabad,Electronics,Headphones,2,4067.0,0.0,8134.0,5335.38,2798.62,Credit Card,Member,4.2
921,2025-04-06,A,Aurangabad,Electronics,Power Bank,2,2351.78,0.0,4703.56,3327.69,1375.87,Cash,Normal,4.7
922,2025-06-30,A,Aurangabad,Electronics,Headphones,8,1298.71,0.1,9350.71,6930.84,2419.87,Credit Card,Member,3.5
923,2025-05-17,B,Pune,Home & Lifestyle,Soap,3,348.23,0.1,940.22,646.21,294.01,Cash,Normal,4.2
924,2025-04-12,B,Pune,Food & Beverages,Milk,3,275.71,0.15,703.06,483.57,219.49,Cash,Member,3.7
925,2025-03-21,A,Aurangabad,Health & Beauty,Toothpaste,1,805.61,0.1,725.05,423.92,301.13,UPI,Normal,4.8
926,2025-01-26,A,Aurangabad,Electronics,Mouse,3,4220.89,0.0,12662.67,7973.0,4689.67,UPI,Member,3.3
927,2025-03-19,A,Aurangabad,Electronics,USB Cable,7,3372.94,0.1,21249.52,15457.17,5792.35,UPI,Normal,3.8
928,2025-02-15,C,Nashik,Food & Beverages,Juice,8,190.66,0.05,1449.02,834.18,614.84,UPI,Normal,4.3
929,2025-04-27,C,Nashik,Food & Beverages,Milk,1,137.88,0.15,117.2,84.07,33.13,UPI,Member,5.0
930,2025-03-28,B,Pune,Electronics,Headphones,2,535.35,0.05,1017.17,618.47,398.69,E-wallet,Member,4.1
931,2025-01-10,C,Nashik,Electronics,USB Cable,5,1825.77,0.15,7759.52,4467.06,3292.47,UPI,Member,3.8
932,2025-06-26,A,Aurangabad,Food & Beverages,Juice,2,70.34,0.05,133.65,103.38,30.27,Credit Card,Normal,5.0
933,2025-01-21,A,Aurangabad,Food & Beverages,Rice,6,42.25,0.0,253.5,161.69,91.81,E-wallet,Normal,3.3
934,2025-02-19,B,Pune,Health & Beauty,Face Wash,3,1066.53,0.1,2879.63,2223.04,656.59,E-wallet,Normal,2.9
935,2025-06-21,C,Nashik,Home & Lifestyle,Detergent,6,256.47,0.0,1538.82,944.34,594.48,Cash,Normal,4.3
936,2025-06-12,A,Aurangabad,Electronics,Power Bank,1,2247.33,0.05,2134.96,1401.31,733.66,E-wallet,Member,3.8
937,2025-06-12,A,Aurangabad,Home & Lifestyle,Detergent,6,581.34,0.1,3139.24,2151.07,988.17,E-wallet,Normal,3.5
938,2025-06-28,B,Pune,Food & Beverages,Rice,6,132.29,0.1,714.37,427.51,286.86,Credit Card,Normal,4.5
939,2025-03-16,B,Pune,Health & Beauty,Face Wash,2,296.61,0.15,504.24,320.15,184.09,E-wallet,Normal,4.2
940,2025-03-14,C,Nashik,Health & Beauty,Face Wash,3,551.95,0.0,1655.85,1196.88,458.97,UPI,Member,3.8
941,2025-04-13,B,Pune,Home & Lifestyle,Kitchen Set,2,259.01,0.0,518.02,387.96,130.06,UPI,Normal,3.4
942,2025-05-17,A,Aurangabad,Health & Beauty,Hand Wash,5,1068.62,0.05,5075.94,3378.19,1697.75,UPI,Member,4.6
943,2025-03-27,B,Pune,Health & Beauty,Perfume,5,262.49,0.05,1246.83,686.71,560.12,UPI,Member,4.5
944,2025-05-09,C,Nashik,Food & Beverages,Biscuits,7,341.76,0.0,2392.32,1651.26,741.06,Cash,Normal,4.0
945,2025-06-17,A,Aurangabad,Electronics,Keyboard,4,3516.51,0.0,14066.04,10139.96,3926.08,UPI,Member,5.0
946,2025-01-08,A,Aurangabad,Health & Beauty,Moisturizer,4,427.91,0.05,1626.06,918.57,707.49,Credit Card,Normal,3.5
947,2025-03-26,B,Pune,Home & Lifestyle,Towel,8,733.34,0.0,5866.72,4311.15,1555.57,Credit Card,Member,3.3
948,2025-04-17,B,Pune,Food & Beverages,Bread,1,248.25,0.1,223.43,126.5,96.93,E-wallet,Member,3.7
949,2025-05-11,C,Nashik,Food & Beverages,Biscuits,8,294.88,0.0,2359.04,1494.63,864.41,UPI,Normal,4.1
950,2025-03-28,A,Aurangabad,Food & Beverages,Milk,5,272.54,0.05,1294.57,834.95,459.62,Credit Card,Member,4.2
951,2025-03-29,B,Pune,Home & Lifestyle,Soap,2,648.85,0.0,1297.7,939.67,358.03,E-wallet,Normal,4.0
952,2025-05-25,B,Pune,Health & Beauty,Moisturizer,5,388.81,0.0,1944.05,1462.78,481.27,E-wallet,Normal,4.3
953,2025-03-16,B,Pune,Home & Lifestyle,Towel,5,440.69,0.0,2203.45,1286.16,917.29,UPI,Normal,3.4
954,2025-05-13,C,Nashik,Home & Lifestyle,Detergent,4,201.66,0.15,685.64,494.66,190.98,UPI,Normal,4.9
955,2025-05-15,C,Nashik,Home & Lifestyle,Soap,3,490.9,0.1,1325.43,926.64,398.79,UPI,Member,4.1
956,2025-04-02,B,Pune,Health & Beauty,Face Wash,2,377.28,0.0,754.56,527.81,226.75,UPI,Normal,4.7
957,2025-03-11,C,Nashik,Food & Beverages,Juice,4,267.24,0.05,1015.51,677.05,338.46,Cash,Member,4.3
958,2025-04-27,B,Pune,Home & Lifestyle,Shampoo,5,229.8,0.0,1149.0,814.2,334.8,Credit Card,Member,4.4
959,2025-01-16,C,Nashik,Electronics,Keyboard,5,4204.25,0.0,21021.25,14088.2,6933.05,Credit Card,Member,4.4
960,2025-04-24,A,Aurangabad,Health & Beauty,Perfume,2,782.65,0.0,1565.3,1033.11,532.19,Cash,Normal,4.3
961,2025-04-24,A,Aurangabad,Food & Beverages,Juice,4,221.45,0.0,885.8,633.87,251.93,Credit Card,Normal,4.5
962,2025-05-17,A,Aurangabad,Electronics,Mouse,5,2684.28,0.05,12750.33,7787.47,4962.86,Credit Card,Normal,4.8
963,2025-02-11,B,Pune,Electronics,Mouse,2,2591.63,0.15,4405.77,2899.95,1505.82,Credit Card,Member,4.2
964,2025-02-24,B,Pune,Electronics,Headphones,8,4166.02,0.0,33328.16,24178.12,9150.04,E-wallet,Normal,4.5
965,2025-02-13,B,Pune,Health & Beauty,Face Wash,5,429.09,0.0,2145.45,1558.18,587.27,Credit Card,Member,4.1
966,2025-03-20,B,Pune,Health & Beauty,Hand Wash,7,598.06,0.05,3977.1,2526.58,1450.52,E-wallet,Normal,4.9
967,2025-04-15,C,Nashik,Electronics,Mouse,5,2260.48,0.1,10172.16,5724.09,4448.07,E-wallet,Member,3.7
968,2025-04-08,B,Pune,Electronics,Headphones,4,1685.55,0.05,6405.09,4152.58,2252.51,E-wallet,Member,5.0
969,2025-01-12,A,Aurangabad,Health & Beauty,Moisturizer,2,1133.3,0.15,1926.61,1267.85,658.76,UPI,Normal,4.1
970,2025-01-29,A,Aurangabad,Electronics,Keyboard,7,1910.65,0.1,12037.1,9177.44,2859.66,UPI,Member,3.3
971,2025-03-04,C,Nashik,Food & Beverages,Rice,7,293.78,0.15,1747.99,996.78,751.21,E-wallet,Normal,4.2
972,2025-04-03,C,Nashik,Electronics,Headphones,3,3993.73,0.05,11382.13,8766.02,2616.11,UPI,Member,3.7
973,2025-01-06,A,Aurangabad,Electronics,Mouse,4,3485.04,0.05,13243.15,9122.31,4120.85,Credit Card,Member,4.6
974,2025-05-25,C,Nashik,Health & Beauty,Perfume,7,128.73,0.15,765.94,487.06,278.88,UPI,Member,3.7
975,2025-01-29,C,Nashik,Electronics,Keyboard,8,615.41,0.0,4923.28,3810.97,1112.31,Credit Card,Member,3.9
976,2025-02-08,C,Nashik,Health & Beauty,Hand Wash,4,375.63,0.1,1352.27,1020.36,331.91,E-wallet,Member,3.1
977,2025-02-27,A,Aurangabad,Electronics,Mouse,7,1680.92,0.1,10589.8,5870.35,4719.44,E-wallet,Normal,3.9
978,2025-05-28,A,Aurangabad,Electronics,USB Cable,6,1241.56,0.05,7076.89,5346.21,1730.68,Credit Card,Member,2.8
979,2025-01-18,A,Aurangabad,Home & Lifestyle,Soap,3,517.41,0.0,1552.23,1046.54,505.69,E-wallet,Normal,3.2
980,2025-04-23,A,Aurangabad,Home & Lifestyle,Shampoo,5,892.62,0.05,4239.95,2358.59,1881.36,Cash,Normal,4.5
981,2025-01-24,A,Aurangabad,Health & Beauty,Toothpaste,7,938.92,0.15,5586.57,4119.18,1467.4,Credit Card,Member,4.5
982,2025-05-10,A,Aurangabad,Home & Lifestyle,Detergent,8,373.88,0.0,2991.04,2322.8,668.24,E-wallet,Normal,4.3
983,2025-03-21,B,Pune,Food & Beverages,Biscuits,1,32.32,0.05,30.7,19.43,11.27,Cash,Normal,3.6
984,2025-03-24,C,Nashik,Electronics,USB Cable,2,4416.93,0.05,8392.17,6024.02,2368.15,Cash,Member,4.1
985,2025-02-23,A,Aurangabad,Home & Lifestyle,Towel,1,207.72,0.0,207.72,142.73,64.99,E-wallet,Normal,4.1
986,2025-01-29,C,Nashik,Health & Beauty,Toothpaste,7,905.84,0.0,6340.88,4019.9,2320.98,Credit Card,Member,3.5
987,2025-05-01,B,Pune,Home & Lifestyle,Soap,7,825.36,0.0,5777.52,3618.25,2159.27,Cash,Member,4.9
988,2025-01-24,B,Pune,Food & Beverages,Juice,7,274.0,0.05,1822.1,1378.15,443.95,UPI,Member,4.6
989,2025-05-01,A,Aurangabad,Health & Beauty,Perfume,7,747.73,0.0,5234.11,3253.68,1980.43,E-wallet,Member,4.0
990,2025-02-06,B,Pune,Electronics,Keyboard,2,4304.25,0.0,8608.5,5753.83,2854.67,Credit Card,Member,4.1
991,2025-04-29,C,Nashik,Food & Beverages,Biscuits,5,313.81,0.05,1490.6,932.49,558.1,E-wallet,Member,4.2
992,2025-02-20,B,Pune,Health & Beauty,Moisturizer,3,1092.86,0.1,2950.72,2051.73,898.99,Credit Card,Member,3.0
993,2025-05-28,A,Aurangabad,Food & Beverages,Milk,3,156.96,0.0,470.88,327.08,143.8,UPI,Normal,4.0
994,2025-02-17,A,Aurangabad,Health & Beauty,Hand Wash,5,936.1,0.05,4446.48,2790.47,1656.01,E-wallet,Normal,3.7
995,2025-02-02,B,Pune,Health & Beauty,Face Wash,6,546.23,0.0,3277.38,2529.79,747.59,Cash,Member,3.5
996,2025-05-10,B,Pune,Food & Beverages,Bread,5,70.42,0.0,352.1,271.91,80.19,Credit Card,Normal,3.9
997,2025-05-16,C,Nashik,Home & Lifestyle,Shampoo,4,242.92,0.0,971.68,660.22,311.46,Cash,Normal,5.0
998,2025-02-08,C,Nashik,Home & Lifestyle,Towel,3,162.11,0.15,413.38,248.87,164.51,UPI,Member,4.5
999,2025-03-18,B,Pune,Food & Beverages,Biscuits,5,154.73,0.05,734.97,427.24,307.73,Cash,Member,3.8
1000,2025-02-10,B,Pune,Electronics,USB Cable,2,975.82,0.0,1951.64,1249.02,702.62,UPI,Normal,4.4
